<RSAKeyValue><Modulus>tCZiqDS5BVQQZDBUYbyeoP4rENN4mX5FZJjjMNfGbyzfzH45RY2/YsMaY0yI1jMCOpukvkUyl153tcn0LXhMCDdsEhhZPoKbPUGMniKtFGjs18rv/b5FFUUW1utgwoL8+WJqjOqhQGgvbja63X9+WMFP0nM3d8yudn9C/X55KyM=</Modulus><Exponent>AQAB</Exponent><P>5HXvmU4IfqUG2jFLSqi/BMEQ3x1NsUDvx3zN5O1p9yLLspJ4sqAt4RUkxzcGodYgBSdXsR9IGcPwjQfbx3a7nQ==</P><Q>yd2hDCF/5Zqtz9DXjY1NRYGvBjTS4AQn83ERR46Y5eBSnLjpVjv6gPfARuhsUP44nikrQPvwPnjxQcOhJaOlvw==</Q><DP>ztuqUplBP8qU5cN0dOlN7DQT3rFdw30Unv/2Pa5qIAc1gT72YmZ+pCrM3kSIkMicvY3d7NZyJkIv8MKI0ZZEUQ==</DP><DQ>QFLJ5YarLWubZPQEK4vSCornTY/5ff51CIKH4ghTOjS/vkbBu4PDL+NCNpYLJcfMHMG7kap2BEIfhjgjGk5KGw==</DQ><InverseQ>WE6TqpcexQJwt9Mnp1FbeLtarBcFkXVdBauouFKHcbHCfQjA3IjUrGTxgSO74O/4QSKqaF2gnlL6GI7gKuGbzQ==</InverseQ><D>czYtWDfHsFGv3fNOs+cGaB3E+xDTiw7HYGuquJz2qjk/s69x/zqFEKuIH8Ndq+eZYFQUCx+EGGxxENDkmYPa0z8wbfFI6JEHpxaLmQfpkkbSL1BJIp9Z5BNM2gy6jJqgbWwQPcN/4jpiMefHZWAqhMKqenUu1KIq1ZX6Bz5xKYk=</D></RSAKeyValue>