-- MySQL dump 10.13  Distrib 5.5.46, for debian-linux-gnu (x86_64)
--
-- Host: localhost    Database: tpanel
-- ------------------------------------------------------
-- Server version	5.5.46-0ubuntu0.14.04.2

/*!40101 SET @OLD_CHARACTER_SET_CLIENT=@@CHARACTER_SET_CLIENT */;
/*!40101 SET @OLD_CHARACTER_SET_RESULTS=@@CHARACTER_SET_RESULTS */;
/*!40101 SET @OLD_COLLATION_CONNECTION=@@COLLATION_CONNECTION */;
/*!40101 SET NAMES utf8 */;
/*!40103 SET @OLD_TIME_ZONE=@@TIME_ZONE */;
/*!40103 SET TIME_ZONE='+00:00' */;
/*!40014 SET @OLD_UNIQUE_CHECKS=@@UNIQUE_CHECKS, UNIQUE_CHECKS=0 */;
/*!40014 SET @OLD_FOREIGN_KEY_CHECKS=@@FOREIGN_KEY_CHECKS, FOREIGN_KEY_CHECKS=0 */;
/*!40101 SET @OLD_SQL_MODE=@@SQL_MODE, SQL_MODE='NO_AUTO_VALUE_ON_ZERO' */;
/*!40111 SET @OLD_SQL_NOTES=@@SQL_NOTES, SQL_NOTES=0 */;

--
-- Table structure for table `a_p_i_keys`
--

DROP TABLE IF EXISTS `a_p_i_keys`;
/*!40101 SET @saved_cs_client     = @@character_set_client */;
/*!40101 SET character_set_client = utf8 */;
CREATE TABLE `a_p_i_keys` (
  `id` int(10) unsigned NOT NULL AUTO_INCREMENT,
  `user_id` mediumint(9) NOT NULL,
  `public_key` varchar(30) COLLATE utf8_unicode_ci NOT NULL,
  `secret_key` varchar(60) COLLATE utf8_unicode_ci NOT NULL,
  `created_at` timestamp NOT NULL DEFAULT CURRENT_TIMESTAMP ON UPDATE CURRENT_TIMESTAMP,
  `updated_at` timestamp NOT NULL DEFAULT '0000-00-00 00:00:00',
  PRIMARY KEY (`id`)
) ENGINE=InnoDB AUTO_INCREMENT=4 DEFAULT CHARSET=utf8 COLLATE=utf8_unicode_ci;
/*!40101 SET character_set_client = @saved_cs_client */;

--
-- Dumping data for table `a_p_i_keys`
--

LOCK TABLES `a_p_i_keys` WRITE;
/*!40000 ALTER TABLE `a_p_i_keys` DISABLE KEYS */;
INSERT INTO `a_p_i_keys` VALUES (3,0,'StKVny7kg2a73xXGUDmZCfDTJ','XG54EaEnybgakdSzYQgE4vfj2PlcRE','2016-03-25 15:37:34','2016-03-25 15:37:34');
/*!40000 ALTER TABLE `a_p_i_keys` ENABLE KEYS */;
UNLOCK TABLES;

--
-- Table structure for table `admin_settings`
--

DROP TABLE IF EXISTS `admin_settings`;
/*!40101 SET @saved_cs_client     = @@character_set_client */;
/*!40101 SET character_set_client = utf8 */;
CREATE TABLE `admin_settings` (
  `id` int(10) unsigned NOT NULL AUTO_INCREMENT,
  `key` varchar(25) COLLATE utf8_unicode_ci NOT NULL,
  `value` varchar(3000) COLLATE utf8_unicode_ci NOT NULL,
  `created_at` timestamp NOT NULL DEFAULT CURRENT_TIMESTAMP ON UPDATE CURRENT_TIMESTAMP,
  `updated_at` timestamp NOT NULL DEFAULT '0000-00-00 00:00:00',
  PRIMARY KEY (`id`)
) ENGINE=InnoDB AUTO_INCREMENT=9 DEFAULT CHARSET=utf8 COLLATE=utf8_unicode_ci;
/*!40101 SET character_set_client = @saved_cs_client */;

--
-- Dumping data for table `admin_settings`
--

LOCK TABLES `admin_settings` WRITE;
/*!40000 ALTER TABLE `admin_settings` DISABLE KEYS */;
INSERT INTO `admin_settings` VALUES (1,'site_lang','fa','2016-02-20 17:52:41','0000-00-00 00:00:00'),(2,'site_title_fa','اس ام اس پنل','2016-02-20 18:09:35','0000-00-00 00:00:00'),(3,'site_title_en','SMS Panel','2016-02-20 18:09:47','0000-00-00 00:00:00'),(4,'rtl_langs','a:2:{i:0;s:2:\"fa\";i:1;s:2:\"ar\";}\"','2016-02-21 20:04:32','0000-00-00 00:00:00'),(5,'logo','logo.png','2016-02-21 20:50:53','0000-00-00 00:00:00'),(6,'about_us','bla bla bla','2016-02-21 20:51:05','0000-00-00 00:00:00'),(7,'marketing_code_credit','100','2016-03-07 22:21:13','0000-00-00 00:00:00'),(8,'sms_base_price','127','2016-03-17 17:19:45','0000-00-00 00:00:00');
/*!40000 ALTER TABLE `admin_settings` ENABLE KEYS */;
UNLOCK TABLES;

--
-- Table structure for table `autoreplies`
--

DROP TABLE IF EXISTS `autoreplies`;
/*!40101 SET @saved_cs_client     = @@character_set_client */;
/*!40101 SET character_set_client = utf8 */;
CREATE TABLE `autoreplies` (
  `id` int(10) unsigned NOT NULL AUTO_INCREMENT,
  `user_id` mediumint(9) NOT NULL,
  `title` varchar(50) COLLATE utf8_unicode_ci NOT NULL,
  `line_id` mediumint(9) NOT NULL,
  `condition_text` varchar(100) COLLATE utf8_unicode_ci NOT NULL,
  `condition_type` tinyint(4) NOT NULL,
  `reaction_type` tinyint(4) NOT NULL,
  `reaction_text` varchar(255) COLLATE utf8_unicode_ci NOT NULL,
  `reaction_group` mediumint(9) NOT NULL,
  `status` tinyint(4) NOT NULL,
  `created_at` timestamp NOT NULL DEFAULT CURRENT_TIMESTAMP ON UPDATE CURRENT_TIMESTAMP,
  `updated_at` timestamp NOT NULL DEFAULT '0000-00-00 00:00:00',
  PRIMARY KEY (`id`)
) ENGINE=InnoDB AUTO_INCREMENT=3 DEFAULT CHARSET=utf8 COLLATE=utf8_unicode_ci;
/*!40101 SET character_set_client = @saved_cs_client */;

--
-- Dumping data for table `autoreplies`
--

LOCK TABLES `autoreplies` WRITE;
/*!40000 ALTER TABLE `autoreplies` DISABLE KEYS */;
INSERT INTO `autoreplies` VALUES (1,1,'تذو',17,'asdasd',2,1,'',8,-1,'2016-03-04 14:22:54','2016-03-04 17:52:54'),(2,1,'asd',17,'',1,3,'jnlj',0,-2,'2016-03-04 14:40:26','2016-03-04 18:10:26');
/*!40000 ALTER TABLE `autoreplies` ENABLE KEYS */;
UNLOCK TABLES;

--
-- Table structure for table `black_lists`
--

DROP TABLE IF EXISTS `black_lists`;
/*!40101 SET @saved_cs_client     = @@character_set_client */;
/*!40101 SET character_set_client = utf8 */;
CREATE TABLE `black_lists` (
  `id` int(10) unsigned NOT NULL AUTO_INCREMENT,
  `user_id` mediumint(9) NOT NULL,
  `number` varchar(25) COLLATE utf8_unicode_ci NOT NULL,
  `status` tinyint(4) NOT NULL,
  `created_at` timestamp NOT NULL DEFAULT CURRENT_TIMESTAMP ON UPDATE CURRENT_TIMESTAMP,
  `updated_at` timestamp NOT NULL DEFAULT '0000-00-00 00:00:00',
  PRIMARY KEY (`id`)
) ENGINE=InnoDB AUTO_INCREMENT=7 DEFAULT CHARSET=utf8 COLLATE=utf8_unicode_ci;
/*!40101 SET character_set_client = @saved_cs_client */;

--
-- Dumping data for table `black_lists`
--

LOCK TABLES `black_lists` WRITE;
/*!40000 ALTER TABLE `black_lists` DISABLE KEYS */;
INSERT INTO `black_lists` VALUES (1,1,'0423348834',-1,'2016-02-14 18:34:54','2016-02-14 22:04:54'),(4,1,'0423348834',0,'2016-02-14 22:14:23','2016-02-14 22:14:23'),(5,1,'212124',-1,'2016-03-04 15:54:40','2016-03-04 19:24:40'),(6,1,'72121243',0,'2016-03-04 16:14:00','2016-03-04 19:44:00');
/*!40000 ALTER TABLE `black_lists` ENABLE KEYS */;
UNLOCK TABLES;

--
-- Table structure for table `brands`
--

DROP TABLE IF EXISTS `brands`;
/*!40101 SET @saved_cs_client     = @@character_set_client */;
/*!40101 SET character_set_client = utf8 */;
CREATE TABLE `brands` (
  `id` int(10) unsigned NOT NULL AUTO_INCREMENT,
  `title` varchar(75) COLLATE utf8_unicode_ci NOT NULL,
  `created_at` timestamp NOT NULL DEFAULT CURRENT_TIMESTAMP ON UPDATE CURRENT_TIMESTAMP,
  `updated_at` timestamp NOT NULL DEFAULT '0000-00-00 00:00:00',
  PRIMARY KEY (`id`)
) ENGINE=InnoDB AUTO_INCREMENT=27 DEFAULT CHARSET=utf8 COLLATE=utf8_unicode_ci;
/*!40101 SET character_set_client = @saved_cs_client */;

--
-- Dumping data for table `brands`
--

LOCK TABLES `brands` WRITE;
/*!40000 ALTER TABLE `brands` DISABLE KEYS */;
INSERT INTO `brands` VALUES (1,'Coca Cola','2016-03-01 20:01:29','0000-00-00 00:00:00'),(2,'Elody Schuppe','2016-03-09 00:16:50','2016-03-09 00:16:50'),(3,'Miss Candice Champlin','2016-03-09 00:16:50','2016-03-09 00:16:50'),(4,'Maryjane Bogan','2016-03-09 00:16:50','2016-03-09 00:16:50'),(5,'Florence Ruecker III','2016-03-09 00:16:50','2016-03-09 00:16:50'),(6,'Bria Prosacco','2016-03-09 00:16:50','2016-03-09 00:16:50'),(7,'Dr. Jena Labadie','2016-03-09 00:16:50','2016-03-09 00:16:50'),(8,'Mr. Devante Cremin I','2016-03-09 00:16:50','2016-03-09 00:16:50'),(9,'Reva Mante','2016-03-09 00:16:50','2016-03-09 00:16:50'),(10,'Wilbert Stamm','2016-03-09 00:16:50','2016-03-09 00:16:50'),(11,'Pauline Moen','2016-03-09 00:16:50','2016-03-09 00:16:50'),(12,'Dr. Christy Brekke','2016-03-09 00:16:50','2016-03-09 00:16:50'),(13,'Laisha Donnelly','2016-03-09 00:16:50','2016-03-09 00:16:50'),(14,'Dr. Delmer Block','2016-03-09 00:16:50','2016-03-09 00:16:50'),(15,'Claude Conn','2016-03-09 00:16:50','2016-03-09 00:16:50'),(16,'Chaz Anderson','2016-03-09 00:16:50','2016-03-09 00:16:50'),(17,'Felton Douglas','2016-03-09 00:16:50','2016-03-09 00:16:50'),(18,'Mr. Felton Ankunding','2016-03-09 00:16:50','2016-03-09 00:16:50'),(19,'Shaun Monahan','2016-03-09 00:16:50','2016-03-09 00:16:50'),(20,'Prof. Lindsay Mraz MD','2016-03-09 00:16:50','2016-03-09 00:16:50'),(21,'Katlyn Rosenbaum','2016-03-09 00:16:50','2016-03-09 00:16:50'),(22,'Domenico Barton','2016-03-09 00:16:50','2016-03-09 00:16:50'),(23,'Price Schulist','2016-03-09 00:16:50','2016-03-09 00:16:50'),(24,'Mr. Johnpaul Moen','2016-03-09 00:16:50','2016-03-09 00:16:50'),(25,'Jayce Haag','2016-03-09 00:16:50','2016-03-09 00:16:50'),(26,'Leonie Rohan Jr.','2016-03-09 00:16:50','2016-03-09 00:16:50');
/*!40000 ALTER TABLE `brands` ENABLE KEYS */;
UNLOCK TABLES;

--
-- Table structure for table `charges`
--

DROP TABLE IF EXISTS `charges`;
/*!40101 SET @saved_cs_client     = @@character_set_client */;
/*!40101 SET character_set_client = utf8 */;
CREATE TABLE `charges` (
  `id` int(10) unsigned NOT NULL AUTO_INCREMENT,
  `user_id` mediumint(9) NOT NULL,
  `code` varchar(20) COLLATE utf8_unicode_ci NOT NULL,
  `credit` mediumint(9) NOT NULL,
  `expired` tinyint(1) NOT NULL,
  `expires_at` timestamp NOT NULL DEFAULT '0000-00-00 00:00:00',
  `created_at` timestamp NOT NULL DEFAULT '0000-00-00 00:00:00',
  `updated_at` timestamp NOT NULL DEFAULT '0000-00-00 00:00:00',
  `value` mediumint(9) NOT NULL,
  PRIMARY KEY (`id`)
) ENGINE=InnoDB AUTO_INCREMENT=7 DEFAULT CHARSET=utf8 COLLATE=utf8_unicode_ci;
/*!40101 SET character_set_client = @saved_cs_client */;

--
-- Dumping data for table `charges`
--

LOCK TABLES `charges` WRITE;
/*!40000 ALTER TABLE `charges` DISABLE KEYS */;
INSERT INTO `charges` VALUES (3,1,'9e7v6lxr',800,1,'2017-08-09 00:00:00','2016-03-05 02:52:13','2016-03-19 10:13:26',200),(4,1,'9e7v6lxs',800,0,'2017-08-09 00:00:00','2016-03-05 02:52:54','2016-03-05 02:52:54',0),(5,1,'uop0u9nrzcsrv0y',200,0,'2016-06-16 20:00:00','2016-04-03 21:26:38','2016-04-03 21:26:38',10000),(6,1,'ag7s3t9k',200,0,'2016-06-09 20:00:00','2016-04-03 21:37:19','2016-04-03 21:37:19',200);
/*!40000 ALTER TABLE `charges` ENABLE KEYS */;
UNLOCK TABLES;

--
-- Table structure for table `cities`
--

DROP TABLE IF EXISTS `cities`;
/*!40101 SET @saved_cs_client     = @@character_set_client */;
/*!40101 SET character_set_client = utf8 */;
CREATE TABLE `cities` (
  `id` int(11) unsigned NOT NULL AUTO_INCREMENT,
  `province_id` int(11) unsigned NOT NULL,
  `name` varchar(200) NOT NULL,
  PRIMARY KEY (`id`),
  KEY `province_id` (`province_id`),
  CONSTRAINT `city_ibfk_1` FOREIGN KEY (`province_id`) REFERENCES `provinces` (`id`)
) ENGINE=InnoDB AUTO_INCREMENT=454 DEFAULT CHARSET=utf8;
/*!40101 SET character_set_client = @saved_cs_client */;

--
-- Dumping data for table `cities`
--

LOCK TABLES `cities` WRITE;
/*!40000 ALTER TABLE `cities` DISABLE KEYS */;
INSERT INTO `cities` VALUES (1,1,'آذر شهر'),(2,1,'اسكو'),(3,1,'اهر'),(4,1,'بستان آباد'),(5,1,'بناب'),(6,1,'بندر شرفخانه'),(7,1,'تبريز'),(8,1,'تسوج'),(9,1,'جلفا'),(10,1,'سراب'),(11,1,'شبستر'),(12,1,'صوفیان'),(13,1,'عجبشير'),(14,1,'قره آغاج'),(15,1,'كليبر'),(16,1,'كندوان'),(17,1,'مراغه'),(18,1,'مرند'),(19,1,'ملكان'),(20,1,'ممقان'),(21,1,'ميانه'),(22,1,'هاديشهر'),(23,1,'هريس'),(24,1,'هشترود'),(25,1,'ورزقان'),(26,2,'اروميه'),(27,2,'اشنويه'),(28,2,'بازرگان'),(29,2,'بوكان'),(30,2,'پلدشت'),(31,2,'پيرانشهر'),(32,2,'تكاب'),(33,2,'خوي'),(34,2,'سردشت'),(35,2,'سلماس'),(36,2,'سيه چشمه- چالدران'),(37,2,'سیمینه'),(38,2,'شاهين دژ'),(39,2,'شوط'),(40,2,'ماكو'),(41,2,'مهاباد'),(42,2,'مياندوآب'),(43,2,'نقده'),(44,3,'اردبيل'),(45,3,'بيله سوار'),(46,3,'پارس آباد'),(47,3,'خلخال'),(48,3,'سرعين'),(49,3,'كيوي (كوثر)'),(50,3,'گرمي (مغان)'),(51,3,'مشگين شهر'),(52,3,'مغان (سمنان)'),(53,3,'نمين'),(54,3,'نير'),(55,4,'آران و بيدگل'),(56,4,'اردستان'),(57,4,'اصفهان'),(58,4,'باغ بهادران'),(59,4,'تيران'),(60,4,'خميني شهر'),(61,4,'خوانسار'),(62,4,'دهاقان'),(63,4,'دولت آباد-اصفهان'),(64,4,'زرين شهر'),(65,4,'زيباشهر (محمديه)'),(66,4,'سميرم'),(67,4,'شاهين شهر'),(68,4,'شهرضا'),(69,4,'فريدن'),(70,4,'فريدون شهر'),(71,4,'فلاورجان'),(72,4,'فولاد شهر'),(73,4,'قهدریجان'),(74,4,'كاشان'),(75,4,'گلپايگان'),(76,4,'گلدشت اصفهان'),(77,4,'گلدشت مركزی'),(78,4,'مباركه اصفهان'),(79,4,'مهاباد-اصفهان'),(80,4,'نايين'),(81,4,'نجف آباد'),(82,4,'نطنز'),(83,4,'هرند'),(84,5,'آسارا'),(85,5,'اشتهارد'),(86,5,'شهر جديد هشتگرد'),(87,5,'طالقان'),(88,5,'كرج'),(89,5,'گلستان تهران'),(90,5,'نظرآباد'),(91,5,'هشتگرد'),(92,6,'آبدانان'),(93,6,'ايلام'),(94,6,'ايوان'),(95,6,'دره شهر'),(96,6,'دهلران'),(97,6,'سرابله'),(98,6,'شيروان چرداول'),(99,6,'مهران'),(100,7,'آبپخش'),(101,7,'اهرم'),(102,7,'برازجان'),(103,7,'بندر دير'),(104,7,'بندر ديلم'),(105,7,'بندر كنگان'),(106,7,'بندر گناوه'),(107,7,'بوشهر'),(108,7,'تنگستان'),(109,7,'جزيره خارك'),(110,7,'جم (ولايت)'),(111,7,'خورموج'),(112,7,'دشتستان - شبانکاره'),(113,7,'دلوار'),(114,7,'عسلویه'),(115,8,'اسلامشهر'),(116,8,'بومهن'),(117,8,'پاكدشت'),(118,8,'تهران'),(119,8,'چهاردانگه'),(120,8,'دماوند'),(121,8,'رودهن'),(122,8,'ري'),(123,8,'شريف آباد'),(124,8,'شهر رباط كريم'),(125,8,'شهر شهريار'),(126,8,'فشم'),(127,8,'فيروزكوه'),(128,8,'قدس'),(129,8,'كهريزك'),(130,8,'لواسان بزرگ'),(131,8,'ملارد'),(132,8,'ورامين'),(133,9,'اردل'),(134,9,'بروجن'),(135,9,'چلگرد (كوهرنگ)'),(136,9,'سامان'),(137,9,'شهركرد'),(138,9,'فارسان'),(139,9,'لردگان'),(140,10,'بشرویه'),(141,10,'بيرجند'),(142,10,'خضری'),(143,10,'خوسف'),(144,10,'سرایان'),(145,10,'سربيشه'),(146,10,'طبس'),(147,10,'فردوس'),(148,10,'قائن'),(149,10,'نهبندان'),(150,11,'بجستان'),(151,11,'بردسكن'),(152,11,'تايباد'),(153,11,'تربت جام'),(154,11,'تربت حيدريه'),(155,11,'جغتای'),(156,11,'جوین'),(157,11,'چناران'),(158,11,'خلیل آباد'),(159,11,'خواف'),(160,11,'درگز'),(161,11,'رشتخوار'),(162,11,'سبزوار'),(163,11,'سرخس'),(164,11,'طبس'),(165,11,'طرقبه'),(166,11,'فريمان'),(167,11,'قوچان'),(168,11,'كاشمر'),(169,11,'كلات'),(170,11,'گناباد'),(171,11,'مشهد'),(172,11,'نيشابور'),(173,12,'آشخانه، مانه و سمرقان'),(174,12,'اسفراين'),(175,12,'بجنورد'),(176,12,'جاجرم'),(177,12,'شيروان'),(178,12,'فاروج'),(179,13,'آبادان'),(180,13,'اميديه'),(181,13,'انديمشك'),(182,13,'اهواز'),(183,13,'ايذه'),(184,13,'باغ ملك'),(185,13,'بستان'),(186,13,'بندر ماهشهر'),(187,13,'بندرامام خميني'),(188,13,'بهبهان'),(189,13,'خرمشهر'),(190,13,'دزفول'),(191,13,'رامشیر'),(192,13,'رامهرمز'),(193,13,'سوسنگرد'),(194,13,'شادگان'),(195,13,'شوش'),(196,13,'شوشتر'),(197,13,'لالي'),(198,13,'مسجد سليمان'),(199,13,'هنديجان'),(200,13,'هويزه'),(201,14,'آب بر (طارم)'),(202,14,'ابهر'),(203,14,'خرمدره'),(204,14,'زرین آباد (ایجرود)'),(205,14,'زنجان'),(206,14,'قیدار (خدا بنده)'),(207,14,'ماهنشان'),(208,15,'ايوانكي'),(209,15,'بسطام'),(210,15,'دامغان'),(211,15,'سرخه'),(212,15,'سمنان'),(213,15,'شاهرود'),(214,15,'شهمیرزاد'),(215,15,'گرمسار'),(216,15,'مهدیشهر'),(217,16,'ايرانشهر'),(218,16,'چابهار'),(219,16,'خاش'),(220,16,'راسك'),(221,16,'زابل'),(222,16,'زاهدان'),(223,16,'سراوان'),(224,16,'سرباز'),(225,16,'ميرجاوه'),(226,16,'نيكشهر'),(227,17,'آباده'),(228,17,'آباده طشك'),(229,17,'اردكان'),(230,17,'ارسنجان'),(231,17,'استهبان'),(232,17,'اشكنان'),(233,17,'اقليد'),(234,17,'اوز'),(235,17,'ایج'),(236,17,'ایزد خواست'),(237,17,'باب انار'),(238,17,'بالاده'),(239,17,'بنارويه'),(240,17,'بهمن'),(241,17,'بوانات'),(242,17,'بيرم'),(243,17,'بیضا'),(244,17,'جنت شهر'),(245,17,'جهرم'),(246,17,'حاجي آباد-زرین دشت'),(247,17,'خاوران'),(248,17,'خرامه'),(249,17,'خشت'),(250,17,'خفر'),(251,17,'خنج'),(252,17,'خور'),(253,17,'داراب'),(254,17,'رونيز عليا'),(255,17,'زاهدشهر'),(256,17,'زرقان'),(257,17,'سده'),(258,17,'سروستان'),(259,17,'سعادت شهر'),(260,17,'سورمق'),(261,17,'ششده'),(262,17,'شيراز'),(263,17,'صغاد'),(264,17,'صفاشهر'),(265,17,'علاء مرودشت'),(266,17,'عنبر'),(267,17,'فراشبند'),(268,17,'فسا'),(269,17,'فيروز آباد'),(270,17,'قائميه'),(271,17,'قادر آباد'),(272,17,'قطب آباد'),(273,17,'قير'),(274,17,'كازرون'),(275,17,'كنار تخته'),(276,17,'گراش'),(277,17,'لار'),(278,17,'لامرد'),(279,17,'لپوئی'),(280,17,'لطيفي'),(281,17,'مبارك آباد ديز'),(282,17,'مرودشت'),(283,17,'مشكان'),(284,17,'مصير'),(285,17,'مهر فارس(گله دار)'),(286,17,'ميمند'),(287,17,'نوبندگان'),(288,17,'نودان'),(289,17,'نورآباد'),(290,17,'ني ريز'),(291,17,'کوار'),(292,18,'آبيك'),(293,18,'البرز'),(294,18,'بوئين زهرا'),(295,18,'تاكستان'),(296,18,'قزوين'),(297,18,'محمود آباد نمونه'),(298,19,'قم'),(299,20,'بانه'),(300,20,'بيجار'),(301,20,'دهگلان'),(302,20,'ديواندره'),(303,20,'سقز'),(304,20,'سنندج'),(305,20,'قروه'),(306,20,'كامياران'),(307,20,'مريوان'),(308,21,'بابك'),(309,21,'بافت'),(310,21,'بردسير'),(311,21,'بم'),(312,21,'جيرفت'),(313,21,'راور'),(314,21,'رفسنجان'),(315,21,'زرند'),(316,21,'سيرجان'),(317,21,'كرمان'),(318,21,'كهنوج'),(319,21,'منوجان'),(320,22,'اسلام آباد غرب'),(321,22,'پاوه'),(322,22,'تازه آباد- ثلاث باباجانی'),(323,22,'جوانرود'),(324,22,'سر پل ذهاب'),(325,22,'سنقر كليائي'),(326,22,'صحنه'),(327,22,'قصر شيرين'),(328,22,'كرمانشاه'),(329,22,'كنگاور'),(330,22,'گيلان غرب'),(331,22,'هرسين'),(332,23,'دهدشت'),(333,23,'دوگنبدان'),(334,23,'سي سخت- دنا'),(335,23,'گچساران'),(336,23,'ياسوج'),(337,24,'آزاد شهر'),(338,24,'آق قلا'),(339,24,'انبارآلوم'),(340,24,'اینچه برون'),(341,24,'بندر گز'),(342,24,'تركمن'),(343,24,'جلین'),(344,24,'خان ببین'),(345,24,'راميان'),(346,24,'سرخس کلاته'),(347,24,'سیمین شهر'),(348,24,'علي آباد كتول'),(349,24,'فاضل آباد'),(350,24,'كردكوي'),(351,24,'كلاله'),(352,24,'گالیکش'),(353,24,'گرگان'),(354,24,'گمیش تپه'),(355,24,'گنبد كاووس'),(356,24,'مراوه تپه'),(357,24,'مينو دشت'),(358,24,'نگین شهر'),(359,24,'نوده خاندوز'),(360,24,'نوکنده'),(361,25,'آستارا'),(362,25,'آستانه اشرفيه'),(363,25,'املش'),(364,25,'بندرانزلي'),(365,25,'خمام'),(366,25,'رشت'),(367,25,'رضوان شهر'),(368,25,'رود سر'),(369,25,'رودبار'),(370,25,'سياهكل'),(371,25,'شفت'),(372,25,'صومعه سرا'),(373,25,'فومن'),(374,25,'كلاچاي'),(375,25,'لاهيجان'),(376,25,'لنگرود'),(377,25,'لوشان'),(378,25,'ماسال'),(379,25,'ماسوله'),(380,25,'منجيل'),(381,25,'هشتپر'),(382,26,'ازنا'),(383,26,'الشتر'),(384,26,'اليگودرز'),(385,26,'بروجرد'),(386,26,'پلدختر'),(387,26,'خرم آباد'),(388,26,'دورود'),(389,26,'سپید دشت'),(390,26,'كوهدشت'),(391,26,'نورآباد (خوزستان)'),(392,27,'آمل'),(393,27,'بابل'),(394,27,'بابلسر'),(395,27,'بلده'),(396,27,'بهشهر'),(397,27,'پل سفيد'),(398,27,'تنكابن'),(399,27,'جويبار'),(400,27,'چالوس'),(401,27,'خرم آباد'),(402,27,'رامسر'),(403,27,'رستم کلا'),(404,27,'ساري'),(405,27,'سلمانشهر'),(406,27,'سواد كوه'),(407,27,'فريدون كنار'),(408,27,'قائم شهر'),(409,27,'گلوگاه'),(410,27,'محمودآباد'),(411,27,'مرزن آباد'),(412,27,'نكا'),(413,27,'نور'),(414,27,'نوشهر'),(415,28,'آشتيان'),(416,28,'اراك'),(417,28,'تفرش'),(418,28,'خمين'),(419,28,'دليجان'),(420,28,'ساوه'),(421,28,'شازند'),(422,28,'محلات'),(423,28,'کمیجان'),(424,29,'ابوموسي'),(425,29,'انگهران'),(426,29,'بستك'),(427,29,'بندر جاسك'),(428,29,'بندر لنگه'),(429,29,'بندرعباس'),(430,29,'پارسیان'),(431,29,'حاجي آباد'),(432,29,'دشتی'),(433,29,'دهبارز (رودان)'),(434,29,'قشم'),(435,29,'كيش'),(436,29,'ميناب'),(437,30,'اسدآباد'),(438,30,'بهار'),(439,30,'تويسركان'),(440,30,'رزن'),(441,30,'كبودر اهنگ'),(442,30,'ملاير'),(443,30,'نهاوند'),(444,30,'همدان'),(445,31,'ابركوه'),(446,31,'اردكان'),(447,31,'اشكذر'),(448,31,'بافق'),(449,31,'تفت'),(450,31,'مهريز'),(451,31,'ميبد'),(452,31,'هرات'),(453,31,'يزد');
/*!40000 ALTER TABLE `cities` ENABLE KEYS */;
UNLOCK TABLES;

--
-- Table structure for table `code_readers`
--

DROP TABLE IF EXISTS `code_readers`;
/*!40101 SET @saved_cs_client     = @@character_set_client */;
/*!40101 SET character_set_client = utf8 */;
CREATE TABLE `code_readers` (
  `id` int(10) unsigned NOT NULL AUTO_INCREMENT,
  `user_id` mediumint(9) NOT NULL,
  `title` varchar(50) COLLATE utf8_unicode_ci NOT NULL,
  `line_id` mediumint(9) NOT NULL,
  `condition_text` varchar(100) COLLATE utf8_unicode_ci NOT NULL,
  `condition_type` tinyint(4) NOT NULL,
  `reaction_type` tinyint(4) NOT NULL,
  `reaction_text` varchar(255) COLLATE utf8_unicode_ci NOT NULL,
  `reaction_group` mediumint(9) NOT NULL,
  `status` tinyint(4) NOT NULL,
  `created_at` timestamp NOT NULL DEFAULT CURRENT_TIMESTAMP ON UPDATE CURRENT_TIMESTAMP,
  `updated_at` timestamp NOT NULL DEFAULT '0000-00-00 00:00:00',
  PRIMARY KEY (`id`)
) ENGINE=InnoDB AUTO_INCREMENT=3 DEFAULT CHARSET=utf8 COLLATE=utf8_unicode_ci;
/*!40101 SET character_set_client = @saved_cs_client */;

--
-- Dumping data for table `code_readers`
--

LOCK TABLES `code_readers` WRITE;
/*!40000 ALTER TABLE `code_readers` DISABLE KEYS */;
INSERT INTO `code_readers` VALUES (1,1,'asad',17,'444',2,1,'',3,-2,'2016-03-04 15:01:19','2016-03-04 18:31:19'),(2,1,'edited',17,'asdas',2,1,'',7,0,'2016-03-04 15:08:41','2016-03-04 18:38:41');
/*!40000 ALTER TABLE `code_readers` ENABLE KEYS */;
UNLOCK TABLES;

--
-- Table structure for table `contact_groups`
--

DROP TABLE IF EXISTS `contact_groups`;
/*!40101 SET @saved_cs_client     = @@character_set_client */;
/*!40101 SET character_set_client = utf8 */;
CREATE TABLE `contact_groups` (
  `id` int(10) unsigned NOT NULL AUTO_INCREMENT,
  `user_id` mediumint(9) NOT NULL,
  `title` varchar(50) COLLATE utf8_unicode_ci NOT NULL,
  `description` varchar(250) COLLATE utf8_unicode_ci NOT NULL,
  `status` tinyint(4) NOT NULL,
  `created_at` timestamp NOT NULL DEFAULT CURRENT_TIMESTAMP ON UPDATE CURRENT_TIMESTAMP,
  `updated_at` timestamp NOT NULL DEFAULT '0000-00-00 00:00:00',
  PRIMARY KEY (`id`)
) ENGINE=InnoDB AUTO_INCREMENT=13 DEFAULT CHARSET=utf8 COLLATE=utf8_unicode_ci;
/*!40101 SET character_set_client = @saved_cs_client */;

--
-- Dumping data for table `contact_groups`
--

LOCK TABLES `contact_groups` WRITE;
/*!40000 ALTER TABLE `contact_groups` DISABLE KEYS */;
INSERT INTO `contact_groups` VALUES (2,1,'nnasasdas asdd','asdasdasd',0,'2016-03-03 20:50:52','2016-03-04 00:20:52'),(3,1,'group 1j','sdasd',0,'2016-03-03 20:53:06','2016-03-04 00:23:06'),(4,1,'jjkbjb','ads',0,'2016-03-04 00:27:13','2016-03-04 00:27:13'),(5,1,'jjkbjb','ads',0,'2016-03-04 00:27:21','2016-03-04 00:27:21'),(6,1,'jjkbjb','ads',0,'2016-03-04 00:27:29','2016-03-04 00:27:29'),(7,1,'jjkbjb','ads',0,'2016-03-04 00:28:51','2016-03-04 00:28:51'),(8,1,'jjkbjbk','ads',0,'2016-03-04 00:31:36','2016-03-04 00:31:36'),(9,1,'jjkbjbk','ads',0,'2016-03-04 00:32:22','2016-03-04 00:32:22'),(10,1,'jjkbjbk','ads',0,'2016-03-04 00:32:38','2016-03-04 00:32:38'),(11,22,'new group','hello',0,'2016-03-13 19:28:37','2016-03-13 19:28:37'),(12,23,'general','Gen',0,'2016-03-16 17:49:37','2016-03-16 17:49:37');
/*!40000 ALTER TABLE `contact_groups` ENABLE KEYS */;
UNLOCK TABLES;

--
-- Table structure for table `contacts`
--

DROP TABLE IF EXISTS `contacts`;
/*!40101 SET @saved_cs_client     = @@character_set_client */;
/*!40101 SET character_set_client = utf8 */;
CREATE TABLE `contacts` (
  `id` int(10) unsigned NOT NULL AUTO_INCREMENT,
  `user_id` mediumint(9) NOT NULL,
  `group_id` mediumint(9) NOT NULL,
  `name` varchar(50) COLLATE utf8_unicode_ci NOT NULL,
  `number` varchar(25) COLLATE utf8_unicode_ci NOT NULL,
  `description` varchar(250) COLLATE utf8_unicode_ci NOT NULL,
  `trashed` tinyint(4) NOT NULL,
  `created_at` timestamp NOT NULL DEFAULT CURRENT_TIMESTAMP ON UPDATE CURRENT_TIMESTAMP,
  `updated_at` timestamp NOT NULL DEFAULT '0000-00-00 00:00:00',
  PRIMARY KEY (`id`)
) ENGINE=InnoDB AUTO_INCREMENT=21 DEFAULT CHARSET=utf8 COLLATE=utf8_unicode_ci;
/*!40101 SET character_set_client = @saved_cs_client */;

--
-- Dumping data for table `contacts`
--

LOCK TABLES `contacts` WRITE;
/*!40000 ALTER TABLE `contacts` DISABLE KEYS */;
INSERT INTO `contacts` VALUES (1,1,2,'hasan','097657923','sda asd as',1,'2016-03-29 19:24:57','2016-03-29 23:54:57'),(2,1,2,'hooshang','097657922','sda asd as',1,'2016-03-29 19:25:04','2016-03-29 23:55:04'),(3,1,2,'asd','466','',0,'2016-03-03 22:58:26','2016-03-03 22:58:26'),(4,1,2,'asd','466','',1,'2016-03-29 19:25:04','2016-03-29 23:55:04'),(5,1,2,'asd','466','',0,'2016-03-03 23:01:49','2016-03-03 23:01:49'),(6,1,2,'asd','466','',1,'2016-03-29 19:25:04','2016-03-29 23:55:04'),(7,1,2,'asd','466','',0,'2016-03-03 23:03:42','2016-03-03 23:03:42'),(8,1,3,'asd lj','4669','',1,'2016-03-29 19:25:11','2016-03-29 23:55:11'),(9,1,3,'asd','9798','iiiii',0,'2016-03-03 20:07:16','2016-03-03 23:37:16'),(10,1,3,'fhhffgh','5555','5g',2,'2016-03-03 20:30:48','2016-03-04 00:00:48'),(11,22,11,'hasan agha','1223123123','',0,'2016-03-13 19:29:10','2016-03-13 19:29:10'),(12,23,12,'hasan','09363022966','',0,'2016-03-17 17:38:08','2016-03-16 17:51:18'),(13,1,2,'ehsan','09379010826','',1,'2016-03-29 19:25:11','2016-03-29 23:55:11'),(14,1,0,'','','',1,'2016-03-29 17:13:55','2016-03-29 21:43:55'),(15,1,0,'ehsan','13123123','sad',1,'2016-03-29 19:25:26','2016-03-29 23:55:26'),(16,1,0,'ehsan','13123123','sad',1,'2016-03-29 19:25:11','2016-03-29 23:55:11'),(17,1,0,'ehsan','13123123','sad',0,'2016-03-29 21:08:50','2016-03-29 21:08:50'),(18,1,0,'ehsan','13123123','sad',1,'2016-03-29 19:25:26','2016-03-29 23:55:26'),(19,1,0,'ehsan','13123123','sad',0,'2016-03-29 21:12:07','2016-03-29 21:12:07'),(20,1,2,'ehsan','13123123','sad',1,'2016-03-29 19:25:26','2016-03-29 23:55:26');
/*!40000 ALTER TABLE `contacts` ENABLE KEYS */;
UNLOCK TABLES;

--
-- Table structure for table `customizations`
--

DROP TABLE IF EXISTS `customizations`;
/*!40101 SET @saved_cs_client     = @@character_set_client */;
/*!40101 SET character_set_client = utf8 */;
CREATE TABLE `customizations` (
  `id` int(10) unsigned NOT NULL AUTO_INCREMENT,
  `user_id` mediumint(9) NOT NULL,
  `logo` varchar(100) COLLATE utf8_unicode_ci NOT NULL,
  `about_us` varchar(3000) COLLATE utf8_unicode_ci NOT NULL,
  `contact_us` varchar(2000) COLLATE utf8_unicode_ci NOT NULL,
  `our_services` varchar(3000) COLLATE utf8_unicode_ci NOT NULL,
  `created_at` timestamp NOT NULL DEFAULT CURRENT_TIMESTAMP ON UPDATE CURRENT_TIMESTAMP,
  `updated_at` timestamp NOT NULL DEFAULT '0000-00-00 00:00:00',
  `marketing_code` varchar(3000) COLLATE utf8_unicode_ci NOT NULL,
  PRIMARY KEY (`id`)
) ENGINE=InnoDB AUTO_INCREMENT=17 DEFAULT CHARSET=utf8 COLLATE=utf8_unicode_ci;
/*!40101 SET character_set_client = @saved_cs_client */;

--
-- Dumping data for table `customizations`
--

LOCK TABLES `customizations` WRITE;
/*!40000 ALTER TABLE `customizations` DISABLE KEYS */;
INSERT INTO `customizations` VALUES (1,4,'','','asd','work','2016-03-14 20:01:50','2016-03-02 23:57:01',''),(16,1,'','bknlk;k','<span style=\"font-weight: bold;\">ljj , jlj lj</span>','<h1><span style=\"background-color: yellow;\">jjj;ugi</span></h1>','2016-03-15 18:24:51','2016-03-15 21:54:50','<div><br></div><div>asdasdasdas</div><div>da</div><div>sd</div><div>as</div><div>da</div><div>sd</div>');
/*!40000 ALTER TABLE `customizations` ENABLE KEYS */;
UNLOCK TABLES;

--
-- Table structure for table `default_messages`
--

DROP TABLE IF EXISTS `default_messages`;
/*!40101 SET @saved_cs_client     = @@character_set_client */;
/*!40101 SET character_set_client = utf8 */;
CREATE TABLE `default_messages` (
  `id` int(10) unsigned NOT NULL AUTO_INCREMENT,
  `user_id` mediumint(9) NOT NULL,
  `title` varchar(50) COLLATE utf8_unicode_ci NOT NULL,
  `text` varchar(500) COLLATE utf8_unicode_ci NOT NULL,
  `status` tinyint(4) NOT NULL,
  `created_at` timestamp NOT NULL DEFAULT CURRENT_TIMESTAMP ON UPDATE CURRENT_TIMESTAMP,
  `updated_at` timestamp NOT NULL DEFAULT '0000-00-00 00:00:00',
  PRIMARY KEY (`id`)
) ENGINE=InnoDB AUTO_INCREMENT=5 DEFAULT CHARSET=utf8 COLLATE=utf8_unicode_ci;
/*!40101 SET character_set_client = @saved_cs_client */;

--
-- Dumping data for table `default_messages`
--

LOCK TABLES `default_messages` WRITE;
/*!40000 ALTER TABLE `default_messages` DISABLE KEYS */;
INSERT INTO `default_messages` VALUES (1,1,'asdad','asda sd asddsصث',-1,'2016-03-28 21:29:35','2016-03-29 01:59:35'),(2,1,'asdad','asda sd asd',-1,'2016-03-28 21:29:03','2016-03-29 01:59:03'),(3,1,'asdasd','asdasdads',0,'2016-03-29 01:59:43','2016-03-29 01:59:43'),(4,1,'asdasd','asdasdads',0,'2016-03-29 01:59:43','2016-03-29 01:59:43');
/*!40000 ALTER TABLE `default_messages` ENABLE KEYS */;
UNLOCK TABLES;

--
-- Table structure for table `faqs`
--

DROP TABLE IF EXISTS `faqs`;
/*!40101 SET @saved_cs_client     = @@character_set_client */;
/*!40101 SET character_set_client = utf8 */;
CREATE TABLE `faqs` (
  `id` int(10) unsigned NOT NULL AUTO_INCREMENT,
  `user_id` mediumint(9) NOT NULL,
  `question` varchar(500) COLLATE utf8_unicode_ci NOT NULL,
  `answer` varchar(2500) COLLATE utf8_unicode_ci NOT NULL,
  `created_at` timestamp NOT NULL DEFAULT CURRENT_TIMESTAMP ON UPDATE CURRENT_TIMESTAMP,
  `updated_at` timestamp NOT NULL DEFAULT '0000-00-00 00:00:00',
  PRIMARY KEY (`id`)
) ENGINE=InnoDB AUTO_INCREMENT=2 DEFAULT CHARSET=utf8 COLLATE=utf8_unicode_ci;
/*!40101 SET character_set_client = @saved_cs_client */;

--
-- Dumping data for table `faqs`
--

LOCK TABLES `faqs` WRITE;
/*!40000 ALTER TABLE `faqs` DISABLE KEYS */;
INSERT INTO `faqs` VALUES (1,1,'aya','yeees','2016-03-14 23:40:03','2016-03-14 23:40:03');
/*!40000 ALTER TABLE `faqs` ENABLE KEYS */;
UNLOCK TABLES;

--
-- Table structure for table `filterings`
--

DROP TABLE IF EXISTS `filterings`;
/*!40101 SET @saved_cs_client     = @@character_set_client */;
/*!40101 SET character_set_client = utf8 */;
CREATE TABLE `filterings` (
  `id` int(10) unsigned NOT NULL AUTO_INCREMENT,
  `user_id` mediumint(9) NOT NULL,
  `filtering_key` varchar(15) COLLATE utf8_unicode_ci NOT NULL,
  `created_at` timestamp NOT NULL DEFAULT CURRENT_TIMESTAMP ON UPDATE CURRENT_TIMESTAMP,
  `updated_at` timestamp NOT NULL DEFAULT '0000-00-00 00:00:00',
  PRIMARY KEY (`id`)
) ENGINE=InnoDB DEFAULT CHARSET=utf8 COLLATE=utf8_unicode_ci;
/*!40101 SET character_set_client = @saved_cs_client */;

--
-- Dumping data for table `filterings`
--

LOCK TABLES `filterings` WRITE;
/*!40000 ALTER TABLE `filterings` DISABLE KEYS */;
/*!40000 ALTER TABLE `filterings` ENABLE KEYS */;
UNLOCK TABLES;

--
-- Table structure for table `fluent_credits`
--

DROP TABLE IF EXISTS `fluent_credits`;
/*!40101 SET @saved_cs_client     = @@character_set_client */;
/*!40101 SET character_set_client = utf8 */;
CREATE TABLE `fluent_credits` (
  `id` int(10) unsigned NOT NULL AUTO_INCREMENT,
  `user_id` mediumint(9) NOT NULL,
  `ceil` bigint(20) NOT NULL,
  `fee` mediumint(9) NOT NULL,
  `status` tinyint(4) NOT NULL,
  `created_at` timestamp NOT NULL DEFAULT CURRENT_TIMESTAMP ON UPDATE CURRENT_TIMESTAMP,
  `updated_at` timestamp NOT NULL DEFAULT '0000-00-00 00:00:00',
  PRIMARY KEY (`id`)
) ENGINE=InnoDB AUTO_INCREMENT=3 DEFAULT CHARSET=utf8 COLLATE=utf8_unicode_ci;
/*!40101 SET character_set_client = @saved_cs_client */;

--
-- Dumping data for table `fluent_credits`
--

LOCK TABLES `fluent_credits` WRITE;
/*!40000 ALTER TABLE `fluent_credits` DISABLE KEYS */;
INSERT INTO `fluent_credits` VALUES (1,1,500000,127,0,'2016-03-19 18:35:57','2016-03-19 18:35:57'),(2,1,1000000,125,0,'2016-03-19 18:36:38','2016-03-19 18:36:38');
/*!40000 ALTER TABLE `fluent_credits` ENABLE KEYS */;
UNLOCK TABLES;

--
-- Table structure for table `invoice_transaction_connections`
--

DROP TABLE IF EXISTS `invoice_transaction_connections`;
/*!40101 SET @saved_cs_client     = @@character_set_client */;
/*!40101 SET character_set_client = utf8 */;
CREATE TABLE `invoice_transaction_connections` (
  `id` int(10) unsigned NOT NULL AUTO_INCREMENT,
  `user_id` mediumint(9) NOT NULL,
  `transaction_id` mediumint(9) NOT NULL,
  `invoice_id` mediumint(9) NOT NULL,
  `created_at` timestamp NOT NULL DEFAULT CURRENT_TIMESTAMP ON UPDATE CURRENT_TIMESTAMP,
  `updated_at` timestamp NOT NULL DEFAULT '0000-00-00 00:00:00',
  PRIMARY KEY (`id`)
) ENGINE=InnoDB AUTO_INCREMENT=22 DEFAULT CHARSET=utf8 COLLATE=utf8_unicode_ci;
/*!40101 SET character_set_client = @saved_cs_client */;

--
-- Dumping data for table `invoice_transaction_connections`
--

LOCK TABLES `invoice_transaction_connections` WRITE;
/*!40000 ALTER TABLE `invoice_transaction_connections` DISABLE KEYS */;
INSERT INTO `invoice_transaction_connections` VALUES (6,23,8,2,'2016-03-18 09:55:40','2016-03-18 09:55:40'),(7,23,9,3,'2016-03-19 11:41:09','2016-03-19 11:41:09'),(8,23,10,4,'2016-03-19 13:06:21','2016-03-19 13:06:21'),(9,23,11,5,'2016-03-19 13:08:51','2016-03-19 13:08:51'),(10,23,12,6,'2016-03-19 13:11:28','2016-03-19 13:11:28'),(11,23,13,7,'2016-03-19 13:13:18','2016-03-19 13:13:18'),(12,23,14,8,'2016-03-19 13:17:33','2016-03-19 13:17:33'),(13,23,15,9,'2016-03-19 18:29:26','2016-03-19 18:29:26'),(14,23,16,10,'2016-03-19 18:38:18','2016-03-19 18:38:18'),(15,23,17,11,'2016-03-19 18:40:05','2016-03-19 18:40:05'),(16,23,18,12,'2016-03-19 18:42:33','2016-03-19 18:42:33'),(17,23,19,13,'2016-03-19 18:44:11','2016-03-19 18:44:11'),(18,23,20,14,'2016-03-19 18:46:40','2016-03-19 18:46:40'),(19,23,21,15,'2016-03-19 20:10:28','2016-03-19 20:10:28'),(20,23,22,16,'2016-04-02 23:29:55','2016-04-02 23:29:55'),(21,23,23,16,'2016-04-02 23:31:34','2016-04-02 23:31:34');
/*!40000 ALTER TABLE `invoice_transaction_connections` ENABLE KEYS */;
UNLOCK TABLES;

--
-- Table structure for table `invoices`
--

DROP TABLE IF EXISTS `invoices`;
/*!40101 SET @saved_cs_client     = @@character_set_client */;
/*!40101 SET character_set_client = utf8 */;
CREATE TABLE `invoices` (
  `id` int(10) unsigned NOT NULL AUTO_INCREMENT,
  `user_id` mediumint(9) NOT NULL,
  `value` bigint(20) NOT NULL,
  `status` tinyint(4) NOT NULL,
  `created_at` timestamp NOT NULL DEFAULT CURRENT_TIMESTAMP ON UPDATE CURRENT_TIMESTAMP,
  `updated_at` timestamp NOT NULL DEFAULT '0000-00-00 00:00:00',
  PRIMARY KEY (`id`)
) ENGINE=InnoDB AUTO_INCREMENT=17 DEFAULT CHARSET=utf8 COLLATE=utf8_unicode_ci;
/*!40101 SET character_set_client = @saved_cs_client */;

--
-- Dumping data for table `invoices`
--

LOCK TABLES `invoices` WRITE;
/*!40000 ALTER TABLE `invoices` DISABLE KEYS */;
INSERT INTO `invoices` VALUES (2,23,735,1,'2016-03-18 17:25:13','2016-03-18 20:55:13'),(3,23,1000000,1,'2016-03-19 09:14:50','2016-03-19 12:44:50'),(4,23,1231231,1,'2016-03-19 09:36:30','2016-03-19 13:06:30'),(5,23,111122,1,'2016-03-19 09:39:03','2016-03-19 13:09:03'),(6,23,1000000,1,'2016-03-19 09:42:23','2016-03-19 13:12:23'),(7,23,1000000,1,'2016-03-19 09:43:35','2016-03-19 13:13:35'),(8,23,100000,1,'2016-03-19 09:47:52','2016-03-19 13:17:52'),(9,23,231233,1,'2016-03-19 14:59:38','2016-03-19 18:29:38'),(10,23,122222,1,'2016-03-19 15:08:34','2016-03-19 18:38:34'),(11,23,1222222,1,'2016-03-19 15:10:18','2016-03-19 18:40:18'),(12,23,1222222,1,'2016-03-19 15:12:44','2016-03-19 18:42:44'),(13,23,1222222,1,'2016-03-19 15:14:38','2016-03-19 18:44:38'),(14,23,1222222,1,'2016-03-19 15:16:56','2016-03-19 18:46:56'),(15,23,3000,1,'2016-03-19 16:56:14','2016-03-19 20:26:14'),(16,23,3523423,0,'2016-04-02 19:01:34','2016-04-02 23:31:34');
/*!40000 ALTER TABLE `invoices` ENABLE KEYS */;
UNLOCK TABLES;

--
-- Table structure for table `line_patterns`
--

DROP TABLE IF EXISTS `line_patterns`;
/*!40101 SET @saved_cs_client     = @@character_set_client */;
/*!40101 SET character_set_client = utf8 */;
CREATE TABLE `line_patterns` (
  `id` int(10) unsigned NOT NULL AUTO_INCREMENT,
  `key` varchar(20) COLLATE utf8_unicode_ci NOT NULL,
  `pattern` varchar(35) COLLATE utf8_unicode_ci NOT NULL,
  `created_at` timestamp NOT NULL DEFAULT CURRENT_TIMESTAMP ON UPDATE CURRENT_TIMESTAMP,
  `updated_at` timestamp NOT NULL DEFAULT '0000-00-00 00:00:00',
  PRIMARY KEY (`id`),
  KEY `line_patterns_pattern_index` (`pattern`)
) ENGINE=InnoDB AUTO_INCREMENT=2 DEFAULT CHARSET=utf8 COLLATE=utf8_unicode_ci;
/*!40101 SET character_set_client = @saved_cs_client */;

--
-- Dumping data for table `line_patterns`
--

LOCK TABLES `line_patterns` WRITE;
/*!40000 ALTER TABLE `line_patterns` DISABLE KEYS */;
INSERT INTO `line_patterns` VALUES (1,'irancell','093','2016-03-17 20:34:56','2016-03-17 20:34:56');
/*!40000 ALTER TABLE `line_patterns` ENABLE KEYS */;
UNLOCK TABLES;

--
-- Table structure for table `lines`
--

DROP TABLE IF EXISTS `lines`;
/*!40101 SET @saved_cs_client     = @@character_set_client */;
/*!40101 SET character_set_client = utf8 */;
CREATE TABLE `lines` (
  `id` int(10) unsigned NOT NULL AUTO_INCREMENT,
  `number` varchar(25) COLLATE utf8_unicode_ci NOT NULL,
  `agent_id` mediumint(9) NOT NULL,
  `user_id` mediumint(9) NOT NULL,
  `agent_expires_at` timestamp NOT NULL DEFAULT '0000-00-00 00:00:00',
  `user_expires_at` timestamp NOT NULL DEFAULT '0000-00-00 00:00:00',
  `created_at` timestamp NOT NULL DEFAULT '0000-00-00 00:00:00',
  `updated_at` timestamp NOT NULL DEFAULT '0000-00-00 00:00:00',
  `value` mediumint(9) NOT NULL,
  `status` tinyint(4) NOT NULL,
  `receiver` tinyint(4) NOT NULL,
  PRIMARY KEY (`id`),
  UNIQUE KEY `lines_number_unique` (`number`)
) ENGINE=InnoDB AUTO_INCREMENT=101 DEFAULT CHARSET=utf8 COLLATE=utf8_unicode_ci;
/*!40101 SET character_set_client = @saved_cs_client */;

--
-- Dumping data for table `lines`
--

LOCK TABLES `lines` WRITE;
/*!40000 ALTER TABLE `lines` DISABLE KEYS */;
INSERT INTO `lines` VALUES (1,'103-109-335',0,0,'0000-00-00 00:00:00','0000-00-00 00:00:00','2016-03-09 00:31:55','2016-03-16 17:40:23',652,0,0),(2,'585-306-810',1,0,'2016-09-30 00:00:00','0000-00-00 00:00:00','2016-03-09 00:31:55','2016-03-09 00:31:55',704,0,0),(3,'165-719-933',1,23,'2016-09-30 00:00:00','2017-03-18 20:55:13','2016-03-09 00:31:55','2016-03-18 20:55:13',735,0,0),(4,'904-863-907',1,0,'2016-09-30 00:00:00','0000-00-00 00:00:00','2016-03-09 00:31:55','2016-03-09 00:31:55',197,0,0),(5,'280-189-131',1,0,'2016-09-30 00:00:00','0000-00-00 00:00:00','2016-03-09 00:31:55','2016-03-09 00:31:55',652,0,0),(6,'691-587-159',1,0,'2016-09-30 00:00:00','0000-00-00 00:00:00','2016-03-09 00:31:55','2016-03-09 00:31:55',135,0,0),(7,'100098',0,0,'0000-00-00 00:00:00','0000-00-00 00:00:00','2016-03-09 00:31:55','2016-03-09 00:31:55',254,0,0),(8,'744-672-002',1,0,'0000-00-00 00:00:00','0000-00-00 00:00:00','2016-03-09 00:31:56','2016-03-28 01:18:14',478,0,0),(9,'974-865-376',28,0,'0000-00-00 00:00:00','0000-00-00 00:00:00','2016-03-09 00:31:56','2016-03-28 01:20:03',120,0,0),(10,'277-824-172',0,29,'0000-00-00 00:00:00','0000-00-00 00:00:00','2016-03-09 00:31:56','2016-03-28 01:20:30',513,0,0),(11,'855-155-561',4,11,'0000-00-00 00:00:00','0000-00-00 00:00:00','2016-03-09 00:31:56','2016-03-09 00:31:56',680,0,0),(12,'014-462-984',19,9,'0000-00-00 00:00:00','0000-00-00 00:00:00','2016-03-09 00:31:56','2016-03-09 00:31:56',405,0,0),(13,'118-096-507',12,10,'0000-00-00 00:00:00','0000-00-00 00:00:00','2016-03-09 00:31:56','2016-03-09 00:31:56',688,0,0),(14,'877-174-676',4,16,'0000-00-00 00:00:00','0000-00-00 00:00:00','2016-03-09 00:31:56','2016-03-09 00:31:56',890,0,0),(15,'280-623-650',4,5,'0000-00-00 00:00:00','0000-00-00 00:00:00','2016-03-09 00:31:56','2016-03-09 00:31:56',363,0,0),(16,'972-329-513',4,6,'0000-00-00 00:00:00','0000-00-00 00:00:00','2016-03-09 00:31:56','2016-03-09 00:31:56',303,0,0),(17,'305-951-283',19,6,'0000-00-00 00:00:00','0000-00-00 00:00:00','2016-03-09 00:31:56','2016-03-09 00:31:56',152,0,0),(18,'822-574-389',12,16,'0000-00-00 00:00:00','0000-00-00 00:00:00','2016-03-09 00:31:56','2016-03-09 00:31:56',298,0,0),(19,'125-960-981',19,16,'0000-00-00 00:00:00','0000-00-00 00:00:00','2016-03-09 00:31:56','2016-03-09 00:31:56',644,0,0),(20,'601-768-254',19,8,'0000-00-00 00:00:00','0000-00-00 00:00:00','2016-03-09 00:31:56','2016-03-09 00:31:56',156,0,0),(21,'290-984-669',19,7,'0000-00-00 00:00:00','0000-00-00 00:00:00','2016-03-09 00:31:56','2016-03-09 00:31:56',396,0,0),(22,'589-205-048',12,7,'0000-00-00 00:00:00','0000-00-00 00:00:00','2016-03-09 00:31:56','2016-03-09 00:31:56',293,0,0),(23,'905-869-054',4,6,'0000-00-00 00:00:00','0000-00-00 00:00:00','2016-03-09 00:31:56','2016-03-09 00:31:56',440,0,0),(24,'785-143-144',12,16,'0000-00-00 00:00:00','0000-00-00 00:00:00','2016-03-09 00:31:56','2016-03-09 00:31:56',825,0,0),(25,'922-530-058',12,8,'0000-00-00 00:00:00','0000-00-00 00:00:00','2016-03-09 00:31:56','2016-03-09 00:31:56',764,0,0),(26,'604-536-628',19,10,'0000-00-00 00:00:00','0000-00-00 00:00:00','2016-03-09 00:31:56','2016-03-09 00:31:56',763,0,0),(27,'122-261-617',19,7,'0000-00-00 00:00:00','0000-00-00 00:00:00','2016-03-09 00:31:56','2016-03-09 00:31:56',152,0,0),(28,'381-043-865',12,16,'0000-00-00 00:00:00','0000-00-00 00:00:00','2016-03-09 00:31:56','2016-03-09 00:31:56',150,0,0),(29,'526-495-947',12,10,'0000-00-00 00:00:00','0000-00-00 00:00:00','2016-03-09 00:31:56','2016-03-09 00:31:56',347,0,0),(30,'213-194-828',4,11,'0000-00-00 00:00:00','0000-00-00 00:00:00','2016-03-09 00:31:56','2016-03-09 00:31:56',505,0,0),(31,'504-868-806',12,21,'0000-00-00 00:00:00','0000-00-00 00:00:00','2016-03-09 00:31:56','2016-03-09 00:31:56',153,0,0),(32,'856-646-495',4,16,'0000-00-00 00:00:00','0000-00-00 00:00:00','2016-03-09 00:31:56','2016-03-09 00:31:56',899,0,0),(33,'526-158-111',12,11,'0000-00-00 00:00:00','0000-00-00 00:00:00','2016-03-09 00:31:56','2016-03-09 00:31:56',308,0,0),(34,'177-818-112',12,9,'0000-00-00 00:00:00','0000-00-00 00:00:00','2016-03-09 00:31:56','2016-03-09 00:31:56',789,0,0),(35,'824-031-541',4,5,'0000-00-00 00:00:00','0000-00-00 00:00:00','2016-03-09 00:31:56','2016-03-09 00:31:56',196,0,0),(36,'641-595-875',19,7,'0000-00-00 00:00:00','0000-00-00 00:00:00','2016-03-09 00:31:56','2016-03-09 00:31:56',861,0,0),(37,'239-864-635',12,16,'0000-00-00 00:00:00','0000-00-00 00:00:00','2016-03-09 00:31:56','2016-03-09 00:31:56',824,0,0),(38,'724-714-412',4,7,'0000-00-00 00:00:00','0000-00-00 00:00:00','2016-03-09 00:31:56','2016-03-09 00:31:56',351,0,0),(39,'293-327-618',19,7,'0000-00-00 00:00:00','0000-00-00 00:00:00','2016-03-09 00:31:56','2016-03-09 00:31:56',439,0,0),(40,'265-795-957',4,5,'0000-00-00 00:00:00','0000-00-00 00:00:00','2016-03-09 00:31:56','2016-03-09 00:31:56',844,0,0),(41,'890-425-033',4,16,'0000-00-00 00:00:00','0000-00-00 00:00:00','2016-03-09 00:31:56','2016-03-09 00:31:56',764,0,0),(42,'170-728-431',4,7,'0000-00-00 00:00:00','0000-00-00 00:00:00','2016-03-09 00:31:56','2016-03-09 00:31:56',219,0,0),(43,'243-236-742',4,21,'0000-00-00 00:00:00','0000-00-00 00:00:00','2016-03-09 00:31:56','2016-03-09 00:31:56',348,0,0),(44,'681-742-484',19,8,'0000-00-00 00:00:00','0000-00-00 00:00:00','2016-03-09 00:31:56','2016-03-09 00:31:56',552,0,0),(45,'511-346-833',4,9,'0000-00-00 00:00:00','0000-00-00 00:00:00','2016-03-09 00:31:56','2016-03-09 00:31:56',208,0,0),(46,'399-127-213',4,10,'0000-00-00 00:00:00','0000-00-00 00:00:00','2016-03-09 00:31:56','2016-03-09 00:31:56',612,0,0),(47,'652-358-275',19,11,'0000-00-00 00:00:00','0000-00-00 00:00:00','2016-03-09 00:31:56','2016-03-09 00:31:56',756,0,0),(48,'239-066-280',19,5,'0000-00-00 00:00:00','0000-00-00 00:00:00','2016-03-09 00:31:56','2016-03-09 00:31:56',261,0,0),(49,'556-348-679',19,6,'0000-00-00 00:00:00','0000-00-00 00:00:00','2016-03-09 00:31:56','2016-03-09 00:31:56',811,0,0),(50,'494-740-972',19,11,'0000-00-00 00:00:00','0000-00-00 00:00:00','2016-03-09 00:31:56','2016-03-09 00:31:56',499,0,0),(51,'184-659-685',12,8,'0000-00-00 00:00:00','0000-00-00 00:00:00','2016-03-09 00:31:56','2016-03-09 00:31:56',317,0,0),(52,'158-657-674',4,10,'0000-00-00 00:00:00','0000-00-00 00:00:00','2016-03-09 00:31:56','2016-03-09 00:31:56',306,0,0),(53,'224-254-477',4,10,'0000-00-00 00:00:00','0000-00-00 00:00:00','2016-03-09 00:31:56','2016-03-09 00:31:56',692,0,0),(54,'420-704-744',19,21,'0000-00-00 00:00:00','0000-00-00 00:00:00','2016-03-09 00:31:56','2016-03-09 00:31:56',657,0,0),(55,'895-944-667',4,5,'0000-00-00 00:00:00','0000-00-00 00:00:00','2016-03-09 00:31:56','2016-03-09 00:31:56',230,0,0),(56,'423-856-844',12,16,'0000-00-00 00:00:00','0000-00-00 00:00:00','2016-03-09 00:31:56','2016-03-09 00:31:56',556,0,0),(57,'848-181-214',4,16,'0000-00-00 00:00:00','0000-00-00 00:00:00','2016-03-09 00:31:56','2016-03-09 00:31:56',519,0,0),(58,'728-724-036',19,11,'0000-00-00 00:00:00','0000-00-00 00:00:00','2016-03-09 00:31:56','2016-03-09 00:31:56',283,0,0),(59,'361-282-212',12,10,'0000-00-00 00:00:00','0000-00-00 00:00:00','2016-03-09 00:31:56','2016-03-09 00:31:56',607,0,0),(60,'770-568-066',19,8,'0000-00-00 00:00:00','0000-00-00 00:00:00','2016-03-09 00:31:56','2016-03-09 00:31:56',766,0,0),(61,'659-759-287',4,16,'0000-00-00 00:00:00','0000-00-00 00:00:00','2016-03-09 00:31:56','2016-03-09 00:31:56',689,0,0),(62,'408-103-771',19,5,'0000-00-00 00:00:00','0000-00-00 00:00:00','2016-03-09 00:31:56','2016-03-09 00:31:56',660,0,0),(63,'213-669-562',12,16,'0000-00-00 00:00:00','0000-00-00 00:00:00','2016-03-09 00:31:56','2016-03-09 00:31:56',765,0,0),(64,'929-437-374',19,11,'0000-00-00 00:00:00','0000-00-00 00:00:00','2016-03-09 00:31:56','2016-03-09 00:31:56',898,0,0),(65,'063-165-728',19,7,'0000-00-00 00:00:00','0000-00-00 00:00:00','2016-03-09 00:31:56','2016-03-09 00:31:56',548,0,0),(66,'578-801-812',19,5,'0000-00-00 00:00:00','0000-00-00 00:00:00','2016-03-09 00:31:56','2016-03-09 00:31:56',862,0,0),(67,'513-210-518',19,9,'0000-00-00 00:00:00','0000-00-00 00:00:00','2016-03-09 00:31:56','2016-03-09 00:31:56',859,0,0),(68,'050-941-807',12,7,'0000-00-00 00:00:00','0000-00-00 00:00:00','2016-03-09 00:31:56','2016-03-09 00:31:56',472,0,0),(69,'492-888-711',19,10,'0000-00-00 00:00:00','0000-00-00 00:00:00','2016-03-09 00:31:56','2016-03-09 00:31:56',312,0,0),(70,'563-825-026',4,21,'0000-00-00 00:00:00','0000-00-00 00:00:00','2016-03-09 00:31:56','2016-03-09 00:31:56',397,0,0),(71,'825-440-327',4,16,'0000-00-00 00:00:00','0000-00-00 00:00:00','2016-03-09 00:31:56','2016-03-09 00:31:56',415,0,0),(72,'299-876-475',19,16,'0000-00-00 00:00:00','0000-00-00 00:00:00','2016-03-09 00:31:56','2016-03-09 00:31:56',176,0,0),(73,'327-348-657',19,5,'0000-00-00 00:00:00','0000-00-00 00:00:00','2016-03-09 00:31:56','2016-03-09 00:31:56',516,0,0),(74,'741-334-500',4,5,'0000-00-00 00:00:00','0000-00-00 00:00:00','2016-03-09 00:31:56','2016-03-09 00:31:56',664,0,0),(75,'441-366-780',19,11,'0000-00-00 00:00:00','0000-00-00 00:00:00','2016-03-09 00:31:56','2016-03-09 00:31:56',628,0,0),(76,'721-568-750',4,10,'0000-00-00 00:00:00','0000-00-00 00:00:00','2016-03-09 00:31:56','2016-03-09 00:31:56',625,0,0),(77,'548-728-900',4,9,'0000-00-00 00:00:00','0000-00-00 00:00:00','2016-03-09 00:31:56','2016-03-09 00:31:56',376,0,0),(78,'136-995-702',4,7,'0000-00-00 00:00:00','0000-00-00 00:00:00','2016-03-09 00:31:56','2016-03-09 00:31:56',483,0,0),(79,'305-205-754',19,5,'0000-00-00 00:00:00','0000-00-00 00:00:00','2016-03-09 00:31:56','2016-03-09 00:31:56',786,0,0),(80,'083-964-897',4,11,'0000-00-00 00:00:00','0000-00-00 00:00:00','2016-03-09 00:31:56','2016-03-09 00:31:56',286,0,0),(81,'745-845-124',12,11,'0000-00-00 00:00:00','0000-00-00 00:00:00','2016-03-09 00:31:56','2016-03-09 00:31:56',882,0,0),(82,'925-851-430',12,21,'0000-00-00 00:00:00','0000-00-00 00:00:00','2016-03-09 00:31:56','2016-03-09 00:31:56',203,0,0),(83,'153-606-804',4,9,'0000-00-00 00:00:00','0000-00-00 00:00:00','2016-03-09 00:31:56','2016-03-09 00:31:56',493,0,0),(84,'016-917-297',12,6,'0000-00-00 00:00:00','0000-00-00 00:00:00','2016-03-09 00:31:56','2016-03-09 00:31:56',674,0,0),(85,'569-588-262',19,11,'0000-00-00 00:00:00','0000-00-00 00:00:00','2016-03-09 00:31:56','2016-03-09 00:31:56',760,0,0),(86,'836-419-111',19,5,'0000-00-00 00:00:00','0000-00-00 00:00:00','2016-03-09 00:31:56','2016-03-09 00:31:56',624,0,0),(87,'465-070-148',12,6,'0000-00-00 00:00:00','0000-00-00 00:00:00','2016-03-09 00:31:56','2016-03-09 00:31:56',329,0,0),(88,'378-337-823',19,16,'0000-00-00 00:00:00','0000-00-00 00:00:00','2016-03-09 00:31:56','2016-03-09 00:31:56',379,0,0),(89,'204-176-740',12,11,'1995-07-15 18:48:55','0000-00-00 00:00:00','2016-03-09 00:31:56','2016-03-09 00:31:56',808,0,0),(90,'442-965-647',19,21,'0000-00-00 00:00:00','0000-00-00 00:00:00','2016-03-09 00:31:56','2016-03-09 00:31:56',837,0,0),(91,'540-640-496',4,11,'0000-00-00 00:00:00','0000-00-00 00:00:00','2016-03-09 00:31:56','2016-03-09 00:31:56',245,0,0),(92,'339-172-180',12,8,'0000-00-00 00:00:00','0000-00-00 00:00:00','2016-03-09 00:31:56','2016-03-09 00:31:56',597,0,0),(93,'992-745-419',4,6,'0000-00-00 00:00:00','0000-00-00 00:00:00','2016-03-09 00:31:56','2016-03-09 00:31:56',596,0,0),(94,'777-834-474',4,5,'0000-00-00 00:00:00','0000-00-00 00:00:00','2016-03-09 00:31:56','2016-03-09 00:31:56',109,0,0),(95,'275-815-505',4,5,'0000-00-00 00:00:00','0000-00-00 00:00:00','2016-03-09 00:31:56','2016-03-09 00:31:56',594,0,0),(96,'636-870-316',4,21,'0000-00-00 00:00:00','0000-00-00 00:00:00','2016-03-09 00:31:56','2016-03-09 00:31:56',244,0,0),(97,'960-048-871',12,8,'0000-00-00 00:00:00','0000-00-00 00:00:00','2016-03-09 00:31:56','2016-03-09 00:31:56',871,0,0),(98,'143-407-902',19,16,'0000-00-00 00:00:00','0000-00-00 00:00:00','2016-03-09 00:31:56','2016-03-09 00:31:56',552,0,0),(99,'471-491-289',19,21,'0000-00-00 00:00:00','0000-00-00 00:00:00','2016-03-09 00:31:56','2016-03-09 00:31:56',616,0,0),(100,'355-818-096',19,10,'0000-00-00 00:00:00','0000-00-00 00:00:00','2016-03-09 00:31:56','2016-03-09 00:31:56',283,0,0);
/*!40000 ALTER TABLE `lines` ENABLE KEYS */;
UNLOCK TABLES;

--
-- Table structure for table `marketing_code_policies`
--

DROP TABLE IF EXISTS `marketing_code_policies`;
/*!40101 SET @saved_cs_client     = @@character_set_client */;
/*!40101 SET character_set_client = utf8 */;
CREATE TABLE `marketing_code_policies` (
  `id` int(10) unsigned NOT NULL AUTO_INCREMENT,
  `user_id` mediumint(9) NOT NULL,
  `signing_up_credit` mediumint(9) NOT NULL,
  `marketer_credit` mediumint(9) NOT NULL,
  `created_at` timestamp NOT NULL DEFAULT CURRENT_TIMESTAMP ON UPDATE CURRENT_TIMESTAMP,
  `updated_at` timestamp NOT NULL DEFAULT '0000-00-00 00:00:00',
  PRIMARY KEY (`id`)
) ENGINE=InnoDB AUTO_INCREMENT=2 DEFAULT CHARSET=utf8 COLLATE=utf8_unicode_ci;
/*!40101 SET character_set_client = @saved_cs_client */;

--
-- Dumping data for table `marketing_code_policies`
--

LOCK TABLES `marketing_code_policies` WRITE;
/*!40000 ALTER TABLE `marketing_code_policies` DISABLE KEYS */;
INSERT INTO `marketing_code_policies` VALUES (1,1,100,1008,'2016-03-07 23:07:57','2016-03-08 02:37:57');
/*!40000 ALTER TABLE `marketing_code_policies` ENABLE KEYS */;
UNLOCK TABLES;

--
-- Table structure for table `marketing_codes`
--

DROP TABLE IF EXISTS `marketing_codes`;
/*!40101 SET @saved_cs_client     = @@character_set_client */;
/*!40101 SET character_set_client = utf8 */;
CREATE TABLE `marketing_codes` (
  `id` int(10) unsigned NOT NULL AUTO_INCREMENT,
  `user_id` mediumint(9) NOT NULL,
  `agent_id` mediumint(9) NOT NULL,
  `code` varchar(15) COLLATE utf8_unicode_ci NOT NULL,
  `user_credit` mediumint(9) NOT NULL,
  `client_credit` mediumint(9) NOT NULL,
  `created_at` timestamp NOT NULL DEFAULT CURRENT_TIMESTAMP ON UPDATE CURRENT_TIMESTAMP,
  `updated_at` timestamp NOT NULL DEFAULT '0000-00-00 00:00:00',
  PRIMARY KEY (`id`)
) ENGINE=InnoDB AUTO_INCREMENT=2 DEFAULT CHARSET=utf8 COLLATE=utf8_unicode_ci;
/*!40101 SET character_set_client = @saved_cs_client */;

--
-- Dumping data for table `marketing_codes`
--

LOCK TABLES `marketing_codes` WRITE;
/*!40000 ALTER TABLE `marketing_codes` DISABLE KEYS */;
INSERT INTO `marketing_codes` VALUES (1,1,1,'FfHasoVE',1008,100,'2016-03-07 23:07:57','2016-03-08 02:37:57');
/*!40000 ALTER TABLE `marketing_codes` ENABLE KEYS */;
UNLOCK TABLES;

--
-- Table structure for table `migrations`
--

DROP TABLE IF EXISTS `migrations`;
/*!40101 SET @saved_cs_client     = @@character_set_client */;
/*!40101 SET character_set_client = utf8 */;
CREATE TABLE `migrations` (
  `migration` varchar(255) COLLATE utf8_unicode_ci NOT NULL,
  `batch` int(11) NOT NULL
) ENGINE=InnoDB DEFAULT CHARSET=utf8 COLLATE=utf8_unicode_ci;
/*!40101 SET character_set_client = @saved_cs_client */;

--
-- Dumping data for table `migrations`
--

LOCK TABLES `migrations` WRITE;
/*!40000 ALTER TABLE `migrations` DISABLE KEYS */;
INSERT INTO `migrations` VALUES ('2014_10_12_000000_create_users_table',1),('2014_10_12_100000_create_password_resets_table',1),('2016_02_03_212139_create_secure_logins_table',2),('2016_02_05_172021_add_submit_code_to_users_table',3),('2016_02_05_222521_add_roll_to_users_table',4),('2016_02_06_122328_add_to_users_table',5),('2016_02_06_142206_add_last_logout_to_users_table',6),('2016_02_07_135420_add_date_of_birth_to_users_table',7),('2016_02_07_184344_create_settings_table',8),('2016_02_07_203740_create_permission_groups_table',9),('2016_02_07_232249_create_permissions_table',10),('2016_02_08_113329_add_group_to_permissions_table',11),('2016_02_08_115017_create_lines_table',12),('2016_02_08_180100_add_credit_to_users_table',13),('2016_02_08_185114_add_domain_to_users_table',14),('2016_02_08_185446_add_user_limitation_to_users_table',15),('2016_02_08_223112_create_price_groups_table',16),('2016_02_09_113908_create_news_table',17),('2016_02_09_130138_create_customizations_table',18),('2016_02_09_231830_create_pre_texts_table',19),('2016_02_09_234642_create_pre_text_groups_table',20),('2016_02_09_234925_add_global_to_pre_texts_table',21),('2016_02_09_235005_add_global_to_pre_text_groups_table',21),('2016_02_10_111603_add_terms_to_permissions_table',22),('2016_02_10_112004_add_terms_to_permission_groups_table',23),('2016_02_10_114356_create_s_m_s_table',24),('2016_02_10_123433_create_number_banks_table',25),('2016_02_10_211136_create_occupations_table',26),('2016_02_11_002601_create_postal_codes_table',27),('2016_02_12_114410_add_type_to_s_m_s_table',28),('2016_02_12_130026_create_received_s_m_s_table',29),('2016_02_12_131059_add_to_to_received_s_m_s_table',30),('2016_02_13_102133_create_trashed_s_m_s_table',31),('2016_02_13_105223_add_type_and_text_to_trashed_s_m_s_table',32),('2016_02_13_113355_add_trashed_to_s_m_s_table',33),('2016_02_13_122521_create_contact_groups_table',34),('2016_02_13_131427_create_contacts_table',35),('2016_02_13_231456_create_polls_table',36),('2016_02_14_124111_create_autoreplies_table',37),('2016_02_14_205209_create_code_readers_table',38),('2016_02_14_211054_create_black_lists_table',39),('2016_02_14_223205_add_status_to_pre_texts_table',40),('2016_02_14_225335_add_status_to_pre_text_groups_table',41),('2016_02_14_231157_create_transfer_to_emails_table',42),('2016_02_15_122236_create_modules_table',43),('2016_02_15_142928_add_value_to_lines_table',44),('2016_02_15_181215_create_specials_table',45),('2016_02_16_113319_create_plans_table',46),('2016_02_16_124453_add_status_to_permission_groups_table',47),('2016_02_16_124830_add_status_to_price_groups_table',48),('2016_02_16_134518_create_filterings_table',49),('2016_02_17_211630_create_faqs_table',50),('2016_02_17_222638_create_charges_table',51),('2016_02_18_204813_create_marketing_codes_table',52),('2016_02_20_201943_create_admin_settings_table',53),('2016_03_01_232204_create_brands_table',54),('2016_03_01_232559_add_brand_id_to_numbers_bank_table',55),('2016_03_01_233657_create_nations_table',56),('2016_03_04_004926_add_agent_id_to_users_table',57),('2016_03_04_005316_add_status_to_lines_table',58),('2016_03_04_011329_add_status_to_modules_table',59),('2016_03_04_014027_add_global_and_agent_id_to_specials_table',60),('2016_03_04_210038_add_status_to_transfer_to_emails_table',61),('2016_03_05_023741_add_value_to_charges_table',62),('2016_03_05_205048_create_tickets_table',63),('2016_03_07_005001_add_price_groups_id_to_users_table',64),('2016_03_08_015340_create_marketing_code_policies_table',65),('2016_03_13_124836_add_expires_at_to_plans_table',66),('2016_03_15_200718_add_marketing_code_to_customizations_table',67),('2016_03_15_225202_create_payments_table',68),('2016_03_15_225723_create_transactions_table',69),('2016_03_17_185221_create_line_patterns_table',70),('2016_03_17_230242_create_invoices_table',71),('2016_03_17_230909_create_invoice_transaction_connections_table',72),('2016_03_18_004129_add_description_to_transactions_table',73),('2016_03_18_094754_add_type_and_target_id_to_transactions_table',74),('2016_03_18_212929_create_fluent_credits_table',75),('2016_03_18_213807_add_unit_fee_to_users_table',75),('2016_03_19_194634_add_user_id_to_modules_table',76),('2016_03_20_001727_create_s_m_s_transactions_table',77),('2016_03_25_153045_create_a_p_i_keys_table',78),('2016_03_27_222539_add_international_to_price_groups_table',79),('2016_03_28_184840_create_schedules_table',80),('2016_03_28_220708_create_scheduled_messages_table',81),('2016_03_29_012350_create_default_messages_table',82),('2016_03_31_142952_create_s_m_s_receivers_table',83),('2016_03_31_153305_add_receiver_to_lines_table',84),('2016_04_01_210028_create_poll_answers_table',85),('2016_04_03_224809_add_additionals_to_price_groups_tables',86),('2016_04_03_234212_add_status_to_users_tables',87);
/*!40000 ALTER TABLE `migrations` ENABLE KEYS */;
UNLOCK TABLES;

--
-- Table structure for table `modules`
--

DROP TABLE IF EXISTS `modules`;
/*!40101 SET @saved_cs_client     = @@character_set_client */;
/*!40101 SET character_set_client = utf8 */;
CREATE TABLE `modules` (
  `id` int(10) unsigned NOT NULL AUTO_INCREMENT,
  `module_key` varchar(25) COLLATE utf8_unicode_ci NOT NULL,
  `value` varchar(25) COLLATE utf8_unicode_ci NOT NULL,
  `created_at` timestamp NOT NULL DEFAULT CURRENT_TIMESTAMP ON UPDATE CURRENT_TIMESTAMP,
  `updated_at` timestamp NOT NULL DEFAULT '0000-00-00 00:00:00',
  `status` tinyint(4) NOT NULL,
  `user_id` mediumint(9) NOT NULL,
  PRIMARY KEY (`id`)
) ENGINE=InnoDB AUTO_INCREMENT=4 DEFAULT CHARSET=utf8 COLLATE=utf8_unicode_ci;
/*!40101 SET character_set_client = @saved_cs_client */;

--
-- Dumping data for table `modules`
--

LOCK TABLES `modules` WRITE;
/*!40000 ALTER TABLE `modules` DISABLE KEYS */;
INSERT INTO `modules` VALUES (1,'receive_sms','100','2016-03-19 16:17:58','2016-03-04 21:59:43',0,1),(2,'send_sms_by_map','1000','2016-03-19 16:18:00','0000-00-00 00:00:00',0,1),(3,'tools_barcode','890','2016-03-19 16:18:01','2016-03-04 22:08:08',0,1);
/*!40000 ALTER TABLE `modules` ENABLE KEYS */;
UNLOCK TABLES;

--
-- Table structure for table `nations`
--

DROP TABLE IF EXISTS `nations`;
/*!40101 SET @saved_cs_client     = @@character_set_client */;
/*!40101 SET character_set_client = utf8 */;
CREATE TABLE `nations` (
  `id` int(10) unsigned NOT NULL AUTO_INCREMENT,
  `title` varchar(75) COLLATE utf8_unicode_ci NOT NULL,
  `pre_number` mediumint(9) NOT NULL,
  `created_at` timestamp NOT NULL DEFAULT CURRENT_TIMESTAMP ON UPDATE CURRENT_TIMESTAMP,
  `updated_at` timestamp NOT NULL DEFAULT '0000-00-00 00:00:00',
  PRIMARY KEY (`id`)
) ENGINE=InnoDB AUTO_INCREMENT=2 DEFAULT CHARSET=utf8 COLLATE=utf8_unicode_ci;
/*!40101 SET character_set_client = @saved_cs_client */;

--
-- Dumping data for table `nations`
--

LOCK TABLES `nations` WRITE;
/*!40000 ALTER TABLE `nations` DISABLE KEYS */;
INSERT INTO `nations` VALUES (1,'China',20,'2016-03-01 20:13:15','0000-00-00 00:00:00');
/*!40000 ALTER TABLE `nations` ENABLE KEYS */;
UNLOCK TABLES;

--
-- Table structure for table `news`
--

DROP TABLE IF EXISTS `news`;
/*!40101 SET @saved_cs_client     = @@character_set_client */;
/*!40101 SET character_set_client = utf8 */;
CREATE TABLE `news` (
  `id` int(10) unsigned NOT NULL AUTO_INCREMENT,
  `user_id` mediumint(9) NOT NULL,
  `title` varchar(250) COLLATE utf8_unicode_ci NOT NULL,
  `body` varchar(3000) COLLATE utf8_unicode_ci NOT NULL,
  `target` tinyint(4) NOT NULL,
  `status` tinyint(4) NOT NULL DEFAULT '1',
  `created_at` timestamp NOT NULL DEFAULT CURRENT_TIMESTAMP ON UPDATE CURRENT_TIMESTAMP,
  `updated_at` timestamp NOT NULL DEFAULT '0000-00-00 00:00:00',
  PRIMARY KEY (`id`)
) ENGINE=InnoDB AUTO_INCREMENT=5 DEFAULT CHARSET=utf8 COLLATE=utf8_unicode_ci;
/*!40101 SET character_set_client = @saved_cs_client */;

--
-- Dumping data for table `news`
--

LOCK TABLES `news` WRITE;
/*!40000 ALTER TABLE `news` DISABLE KEYS */;
INSERT INTO `news` VALUES (2,1,'adasd we','asdas\r\ndas\r\ndas\r\n',0,1,'2016-02-29 20:09:35','2016-02-29 23:39:35'),(3,1,'asdasdas','asdas das da sd asd',1,1,'2016-02-29 23:20:05','2016-02-29 23:20:05'),(4,1,'asdasdas','asdas das da sd asd',1,0,'2016-02-29 19:55:33','2016-02-29 23:25:33');
/*!40000 ALTER TABLE `news` ENABLE KEYS */;
UNLOCK TABLES;

--
-- Table structure for table `number_banks`
--

DROP TABLE IF EXISTS `number_banks`;
/*!40101 SET @saved_cs_client     = @@character_set_client */;
/*!40101 SET character_set_client = utf8 */;
CREATE TABLE `number_banks` (
  `id` int(10) unsigned NOT NULL AUTO_INCREMENT,
  `number` varchar(20) COLLATE utf8_unicode_ci NOT NULL,
  `province_id` mediumint(9) NOT NULL,
  `city_id` mediumint(9) NOT NULL,
  `job_id` mediumint(9) NOT NULL,
  `postal_code_id` mediumint(9) NOT NULL,
  `gender` mediumint(9) NOT NULL,
  `created_at` timestamp NOT NULL DEFAULT CURRENT_TIMESTAMP ON UPDATE CURRENT_TIMESTAMP,
  `updated_at` timestamp NOT NULL DEFAULT '0000-00-00 00:00:00',
  `brand_id` mediumint(9) NOT NULL,
  PRIMARY KEY (`id`),
  UNIQUE KEY `number_banks_number_unique` (`number`)
) ENGINE=InnoDB AUTO_INCREMENT=101 DEFAULT CHARSET=utf8 COLLATE=utf8_unicode_ci;
/*!40101 SET character_set_client = @saved_cs_client */;

--
-- Dumping data for table `number_banks`
--

LOCK TABLES `number_banks` WRITE;
/*!40000 ALTER TABLE `number_banks` DISABLE KEYS */;
INSERT INTO `number_banks` VALUES (1,'396-575-168',2,27,2,1,2,'2016-03-11 11:27:06','2016-03-09 00:25:21',5),(2,'149-520-964',30,22,23,1,2,'2016-03-11 11:27:06','2016-03-09 00:25:21',15),(3,'040-287-744',14,20,19,1,1,'2016-03-11 11:27:06','2016-03-09 00:25:21',22),(4,'024-736-593',11,39,16,1,1,'2016-03-11 11:27:06','2016-03-09 00:25:21',3),(5,'479-816-326',5,28,25,1,1,'2016-03-11 11:27:06','2016-03-09 00:25:21',6),(6,'298-389-723',27,78,9,1,1,'2016-03-11 11:27:06','2016-03-09 00:25:21',12),(7,'565-900-707',18,9,20,1,2,'2016-03-11 11:27:06','2016-03-09 00:25:21',26),(8,'011-017-903',28,79,28,1,2,'2016-03-11 11:27:06','2016-03-09 00:25:21',21),(9,'744-912-765',15,76,21,1,1,'2016-03-11 11:27:06','2016-03-09 00:25:21',8),(10,'236-121-091',25,53,23,1,2,'2016-03-11 11:27:06','2016-03-09 00:25:21',19),(11,'096-812-332',3,5,7,1,1,'2016-03-11 11:27:06','2016-03-09 00:25:21',12),(12,'853-528-474',24,4,6,1,1,'2016-03-11 11:27:06','2016-03-09 00:25:21',21),(13,'930-188-657',23,53,2,1,2,'2016-03-11 11:27:06','2016-03-09 00:25:21',12),(14,'214-592-899',29,92,19,1,1,'2016-03-11 11:27:06','2016-03-09 00:25:21',23),(15,'769-663-622',6,108,19,1,1,'2016-03-11 11:27:06','2016-03-09 00:25:21',23),(16,'000-307-696',12,95,6,1,2,'2016-03-11 11:27:06','2016-03-09 00:25:21',16),(17,'070-491-036',19,49,25,1,1,'2016-03-11 11:27:06','2016-03-09 00:25:21',20),(18,'881-635-192',6,41,20,1,2,'2016-03-11 11:27:06','2016-03-09 00:25:21',10),(19,'557-020-614',30,94,4,1,1,'2016-03-11 11:27:06','2016-03-09 00:25:21',17),(20,'590-218-200',5,75,17,1,2,'2016-03-11 11:27:06','2016-03-09 00:25:21',19),(21,'736-947-047',28,84,18,1,2,'2016-03-11 11:27:06','2016-03-09 00:25:21',9),(22,'883-956-166',6,59,16,1,2,'2016-03-11 11:27:06','2016-03-09 00:25:21',16),(23,'593-273-891',20,33,11,1,1,'2016-03-11 11:27:06','2016-03-09 00:25:21',26),(24,'300-078-284',10,27,27,1,1,'2016-03-11 11:27:06','2016-03-09 00:25:21',6),(25,'709-336-256',10,47,4,1,1,'2016-03-11 11:27:06','2016-03-09 00:25:21',21),(26,'102-063-359',17,89,5,1,1,'2016-03-11 11:27:06','2016-03-09 00:25:21',24),(27,'435-062-083',16,47,19,1,2,'2016-03-11 11:27:06','2016-03-09 00:25:21',7),(28,'343-024-820',17,67,20,1,2,'2016-03-11 11:27:06','2016-03-09 00:25:21',24),(29,'905-070-840',9,66,29,1,2,'2016-03-11 11:27:06','2016-03-09 00:25:21',23),(30,'207-798-026',22,82,13,54307,1,'2016-03-09 00:25:21','2016-03-09 00:25:21',4),(31,'275-544-087',19,73,17,32802,1,'2016-03-09 00:25:21','2016-03-09 00:25:21',4),(32,'799-231-668',17,94,6,9823,2,'2016-03-09 00:25:21','2016-03-09 00:25:21',16),(33,'024-032-128',16,57,19,63742,1,'2016-03-09 00:25:21','2016-03-09 00:25:21',19),(34,'515-364-015',30,91,13,64691,1,'2016-03-09 00:25:21','2016-03-09 00:25:21',8),(35,'495-083-001',9,15,19,85549,2,'2016-03-09 00:25:21','2016-03-09 00:25:21',13),(36,'396-998-225',17,77,16,83098,2,'2016-03-09 00:25:21','2016-03-09 00:25:21',14),(37,'832-257-771',20,23,13,80775,2,'2016-03-09 00:25:21','2016-03-09 00:25:21',17),(38,'938-804-870',7,83,20,57535,2,'2016-03-09 00:25:21','2016-03-09 00:25:21',6),(39,'468-333-809',6,4,3,98131,1,'2016-03-09 00:25:21','2016-03-09 00:25:21',22),(40,'486-855-064',29,82,10,92059,2,'2016-03-09 00:25:21','2016-03-09 00:25:21',15),(41,'301-818-257',13,39,13,37436,2,'2016-03-09 00:25:21','2016-03-09 00:25:21',17),(42,'497-352-302',20,99,5,99047,1,'2016-03-09 00:25:21','2016-03-09 00:25:21',7),(43,'246-037-095',12,47,12,30558,2,'2016-03-09 00:25:21','2016-03-09 00:25:21',21),(44,'749-232-430',14,45,10,48471,2,'2016-03-09 00:25:21','2016-03-09 00:25:21',17),(45,'887-206-684',23,75,6,74238,2,'2016-03-09 00:25:21','2016-03-09 00:25:21',5),(46,'452-288-146',14,24,7,93076,2,'2016-03-09 00:25:21','2016-03-09 00:25:21',21),(47,'724-595-882',30,97,17,29112,2,'2016-03-09 00:25:21','2016-03-09 00:25:21',1),(48,'063-103-772',28,12,23,79135,2,'2016-03-09 00:25:21','2016-03-09 00:25:21',15),(49,'766-960-588',14,31,19,24513,2,'2016-03-09 00:25:21','2016-03-09 00:25:21',10),(50,'603-184-930',18,26,21,97749,1,'2016-03-09 00:25:21','2016-03-09 00:25:21',16),(51,'545-973-899',15,71,4,31242,2,'2016-03-09 00:25:21','2016-03-09 00:25:21',23),(52,'179-247-898',1,31,3,37423,2,'2016-03-09 00:25:21','2016-03-09 00:25:21',5),(53,'576-364-541',12,74,29,84080,2,'2016-03-09 00:25:21','2016-03-09 00:25:21',4),(54,'797-460-683',9,13,23,7628,1,'2016-03-09 00:25:21','2016-03-09 00:25:21',26),(55,'530-608-661',1,94,8,59074,1,'2016-03-09 00:25:21','2016-03-09 00:25:21',4),(56,'416-222-424',26,34,16,22862,1,'2016-03-09 00:25:21','2016-03-09 00:25:21',13),(57,'466-314-032',13,31,5,7317,1,'2016-03-09 00:25:21','2016-03-09 00:25:21',23),(58,'933-177-925',6,22,21,41949,1,'2016-03-09 00:25:21','2016-03-09 00:25:21',24),(59,'955-686-686',21,72,23,47421,1,'2016-03-09 00:25:21','2016-03-09 00:25:21',26),(60,'051-199-253',7,27,8,38094,2,'2016-03-09 00:25:21','2016-03-09 00:25:21',1),(61,'193-925-864',16,78,3,8359,1,'2016-03-09 00:25:21','2016-03-09 00:25:21',19),(62,'758-832-593',4,78,2,80328,2,'2016-03-09 00:25:21','2016-03-09 00:25:21',15),(63,'061-001-399',20,11,18,85413,1,'2016-03-09 00:25:21','2016-03-09 00:25:21',9),(64,'456-749-947',18,43,26,33642,1,'2016-03-09 00:25:21','2016-03-09 00:25:21',6),(65,'329-343-216',28,43,26,26342,1,'2016-03-09 00:25:21','2016-03-09 00:25:21',11),(66,'812-562-516',29,28,2,25684,2,'2016-03-09 00:25:21','2016-03-09 00:25:21',24),(67,'919-193-178',5,74,12,66025,2,'2016-03-09 00:25:21','2016-03-09 00:25:21',4),(68,'538-507-111',8,93,19,29100,1,'2016-03-09 00:25:21','2016-03-09 00:25:21',3),(69,'296-861-158',15,59,18,61206,2,'2016-03-09 00:25:21','2016-03-09 00:25:21',23),(70,'736-417-066',29,84,11,4579,2,'2016-03-09 00:25:21','2016-03-09 00:25:21',15),(71,'044-237-923',20,29,7,23058,2,'2016-03-09 00:25:21','2016-03-09 00:25:21',4),(72,'889-097-693',1,44,5,18419,1,'2016-03-09 00:25:21','2016-03-09 00:25:21',2),(73,'343-249-093',20,5,3,93085,1,'2016-03-09 00:25:21','2016-03-09 00:25:21',2),(74,'789-748-886',29,70,25,23417,2,'2016-03-09 00:25:21','2016-03-09 00:25:21',16),(75,'468-961-057',12,62,29,135,1,'2016-03-09 00:25:21','2016-03-09 00:25:21',7),(76,'287-098-933',20,56,7,24271,1,'2016-03-09 00:25:21','2016-03-09 00:25:21',23),(77,'759-291-391',7,74,7,34613,1,'2016-03-09 00:25:21','2016-03-09 00:25:21',1),(78,'963-908-123',2,103,9,32654,2,'2016-03-09 00:25:21','2016-03-09 00:25:21',17),(79,'684-880-667',4,45,2,41887,1,'2016-03-09 00:25:21','2016-03-09 00:25:21',8),(80,'593-283-914',25,40,8,18933,1,'2016-03-09 00:25:21','2016-03-09 00:25:21',23),(81,'992-393-090',22,3,12,54261,2,'2016-03-09 00:25:21','2016-03-09 00:25:21',2),(82,'989-247-924',11,5,17,41739,2,'2016-03-09 00:25:21','2016-03-09 00:25:21',21),(83,'190-987-475',22,76,21,48221,2,'2016-03-09 00:25:21','2016-03-09 00:25:21',23),(84,'030-331-363',5,71,12,85297,2,'2016-03-09 00:25:21','2016-03-09 00:25:21',4),(85,'948-396-570',29,1,29,87072,1,'2016-03-09 00:25:21','2016-03-09 00:25:21',7),(86,'521-368-881',5,72,28,78058,2,'2016-03-09 00:25:21','2016-03-09 00:25:21',7),(87,'479-221-167',19,95,13,35869,1,'2016-03-09 00:25:21','2016-03-09 00:25:21',10),(88,'551-398-773',23,102,16,94730,1,'2016-03-09 00:25:21','2016-03-09 00:25:21',14),(89,'435-187-371',22,4,13,2012,2,'2016-03-09 00:25:21','2016-03-09 00:25:21',3),(90,'438-244-001',7,92,10,87415,2,'2016-03-09 00:25:21','2016-03-09 00:25:21',25),(91,'411-659-214',15,62,19,24689,1,'2016-03-09 00:25:21','2016-03-09 00:25:21',3),(92,'786-656-192',30,102,27,72159,1,'2016-03-09 00:25:21','2016-03-09 00:25:21',19),(93,'000-344-701',27,69,8,580,2,'2016-03-09 00:25:21','2016-03-09 00:25:21',22),(94,'381-798-205',26,84,15,65743,1,'2016-03-09 00:25:21','2016-03-09 00:25:21',9),(95,'174-188-497',13,79,12,543,1,'2016-03-09 00:25:21','2016-03-09 00:25:21',25),(96,'863-883-661',17,96,24,9759,1,'2016-03-09 00:25:21','2016-03-09 00:25:21',6),(97,'958-960-125',6,54,16,93541,2,'2016-03-09 00:25:21','2016-03-09 00:25:21',22),(98,'073-911-407',16,26,4,75759,2,'2016-03-09 00:25:21','2016-03-09 00:25:21',12),(99,'012-718-746',23,105,13,8462,2,'2016-03-09 00:25:21','2016-03-09 00:25:21',7),(100,'429-037-986',12,19,3,96953,2,'2016-03-09 00:25:21','2016-03-09 00:25:21',5);
/*!40000 ALTER TABLE `number_banks` ENABLE KEYS */;
UNLOCK TABLES;

--
-- Table structure for table `occupations`
--

DROP TABLE IF EXISTS `occupations`;
/*!40101 SET @saved_cs_client     = @@character_set_client */;
/*!40101 SET character_set_client = utf8 */;
CREATE TABLE `occupations` (
  `id` int(10) unsigned NOT NULL AUTO_INCREMENT,
  `title` varchar(50) COLLATE utf8_unicode_ci NOT NULL,
  `created_at` timestamp NOT NULL DEFAULT CURRENT_TIMESTAMP ON UPDATE CURRENT_TIMESTAMP,
  `updated_at` timestamp NOT NULL DEFAULT '0000-00-00 00:00:00',
  PRIMARY KEY (`id`)
) ENGINE=InnoDB AUTO_INCREMENT=30 DEFAULT CHARSET=utf8 COLLATE=utf8_unicode_ci;
/*!40101 SET character_set_client = @saved_cs_client */;

--
-- Dumping data for table `occupations`
--

LOCK TABLES `occupations` WRITE;
/*!40000 ALTER TABLE `occupations` DISABLE KEYS */;
INSERT INTO `occupations` VALUES (2,'نانوا','2016-02-10 23:19:58','2016-02-10 23:19:58'),(3,'کلیدساز','2016-02-10 23:20:05','2016-02-10 23:20:05'),(4,'sadjmm','2016-03-03 17:40:16','2016-03-03 21:10:16'),(5,'Prof. Henderson Von III','2016-03-09 00:16:29','2016-03-09 00:16:29'),(6,'Magnus Flatley','2016-03-09 00:16:29','2016-03-09 00:16:29'),(7,'George Schmeler','2016-03-09 00:16:29','2016-03-09 00:16:29'),(8,'Margarete Von','2016-03-09 00:16:29','2016-03-09 00:16:29'),(9,'Brain Klocko','2016-03-09 00:16:29','2016-03-09 00:16:29'),(10,'Ebba Luettgen','2016-03-09 00:16:29','2016-03-09 00:16:29'),(11,'Nyasia Douglas','2016-03-09 00:16:29','2016-03-09 00:16:29'),(12,'Dr. Baron Lehner DDS','2016-03-09 00:16:29','2016-03-09 00:16:29'),(13,'Claire Hackett','2016-03-09 00:16:29','2016-03-09 00:16:29'),(14,'Joany Bartoletti','2016-03-09 00:16:29','2016-03-09 00:16:29'),(15,'Bailee Smitham','2016-03-09 00:16:29','2016-03-09 00:16:29'),(16,'Orval Lebsack','2016-03-09 00:16:29','2016-03-09 00:16:29'),(17,'Kyle Jacobson V','2016-03-09 00:16:29','2016-03-09 00:16:29'),(18,'Ms. Keely Williamson III','2016-03-09 00:16:29','2016-03-09 00:16:29'),(19,'Gunner Nolan','2016-03-09 00:16:29','2016-03-09 00:16:29'),(20,'Prof. Kieran Greenholt III','2016-03-09 00:16:29','2016-03-09 00:16:29'),(21,'Adah Rau','2016-03-09 00:16:29','2016-03-09 00:16:29'),(22,'Katlyn Harber','2016-03-09 00:16:29','2016-03-09 00:16:29'),(23,'Bennett Collins','2016-03-09 00:16:29','2016-03-09 00:16:29'),(24,'Shawna Daugherty','2016-03-09 00:16:29','2016-03-09 00:16:29'),(25,'Glennie Gorczany DDS','2016-03-09 00:16:29','2016-03-09 00:16:29'),(26,'Lulu Fisher I','2016-03-09 00:16:29','2016-03-09 00:16:29'),(27,'Trever Mohr','2016-03-09 00:16:29','2016-03-09 00:16:29'),(28,'Rene Okuneva','2016-03-09 00:16:29','2016-03-09 00:16:29'),(29,'Ms. Donna Beier','2016-03-09 00:16:29','2016-03-09 00:16:29');
/*!40000 ALTER TABLE `occupations` ENABLE KEYS */;
UNLOCK TABLES;

--
-- Table structure for table `password_resets`
--

DROP TABLE IF EXISTS `password_resets`;
/*!40101 SET @saved_cs_client     = @@character_set_client */;
/*!40101 SET character_set_client = utf8 */;
CREATE TABLE `password_resets` (
  `email` varchar(255) COLLATE utf8_unicode_ci NOT NULL,
  `token` varchar(255) COLLATE utf8_unicode_ci NOT NULL,
  `created_at` timestamp NOT NULL DEFAULT CURRENT_TIMESTAMP ON UPDATE CURRENT_TIMESTAMP,
  KEY `password_resets_email_index` (`email`),
  KEY `password_resets_token_index` (`token`)
) ENGINE=InnoDB DEFAULT CHARSET=utf8 COLLATE=utf8_unicode_ci;
/*!40101 SET character_set_client = @saved_cs_client */;

--
-- Dumping data for table `password_resets`
--

LOCK TABLES `password_resets` WRITE;
/*!40000 ALTER TABLE `password_resets` DISABLE KEYS */;
INSERT INTO `password_resets` VALUES ('fa.ehsan@gmail.com','$2y$10$.8/fLU5zPivFiMvVg44QvO2Q//RugIEtkFQHUWPt9ODBvkz00owC6','2016-02-05 11:03:09'),('fa.ehsan@gmail.com','$2y$10$hG2tDqbfAfkcQfoZGzRKL.EJyoz7BVSeSJbAi3CESwSwDdmTK4ktW','2016-02-05 11:03:37'),('fa.ehsan@gmail.com','$2y$10$O2mall577qD2guxp5.kVAulW5RaBdNE55.XGGXsEGzRCAk5U8Easq','2016-02-05 11:13:12'),('fa.ehsan@gmail.com','$2y$10$xWNjoKwbhAoQVZywF7ZgvOrOq9dcmCcUJNpZQpKy.qEXIuFWzS9Jq','2016-02-05 12:13:15'),('fa.ehsan@gmail.com','$2y$10$7Z10s86KPvmkec2BzG1va.ssorUrdDmbu.mWk8RYY8aDsLWhIlIPK','2016-02-23 00:51:58'),('fa.ehsan@gmail.com','$2y$10$.jy2N.Di9dUIZEM552sBZuX0grZsMZ0UU1suZgWPQn8SWB31XLQnO','2016-02-23 23:56:29'),('fa.ehsan@gmail.com','$2y$10$6L.m.0LjUHzG3d/kuOyafuHbp5J6ppdtpOiSXcPUsK04JM2oe9bwC','2016-02-23 23:57:41');
/*!40000 ALTER TABLE `password_resets` ENABLE KEYS */;
UNLOCK TABLES;

--
-- Table structure for table `payments`
--

DROP TABLE IF EXISTS `payments`;
/*!40101 SET @saved_cs_client     = @@character_set_client */;
/*!40101 SET character_set_client = utf8 */;
CREATE TABLE `payments` (
  `id` int(10) unsigned NOT NULL AUTO_INCREMENT,
  `user_id` mediumint(9) NOT NULL,
  `ref_number` bigint(20) NOT NULL,
  `created_at` timestamp NOT NULL DEFAULT CURRENT_TIMESTAMP ON UPDATE CURRENT_TIMESTAMP,
  `updated_at` timestamp NOT NULL DEFAULT '0000-00-00 00:00:00',
  `status` tinyint(4) NOT NULL,
  `code` bigint(20) NOT NULL,
  PRIMARY KEY (`id`),
  KEY `user_id` (`user_id`)
) ENGINE=InnoDB AUTO_INCREMENT=32 DEFAULT CHARSET=utf8 COLLATE=utf8_unicode_ci;
/*!40101 SET character_set_client = @saved_cs_client */;

--
-- Dumping data for table `payments`
--

LOCK TABLES `payments` WRITE;
/*!40000 ALTER TABLE `payments` DISABLE KEYS */;
INSERT INTO `payments` VALUES (1,23,0,'2016-03-18 19:59:51','2016-03-18 19:59:51',0,343113761),(2,23,0,'2016-03-18 20:00:02','2016-03-18 20:00:02',0,381839554),(3,23,0,'2016-03-18 20:44:04','2016-03-18 20:44:04',0,705785381),(4,23,0,'2016-03-18 20:44:34','2016-03-18 20:44:34',0,197097651),(5,23,0,'2016-03-18 20:45:50','2016-03-18 20:45:50',0,751269615),(6,23,0,'2016-03-18 20:46:40','2016-03-18 20:46:40',0,491443476),(7,23,0,'2016-03-18 20:47:35','2016-03-18 20:47:35',0,322116108),(8,23,0,'2016-03-18 20:50:33','2016-03-18 20:50:33',0,133844102),(9,23,0,'2016-03-18 20:50:55','2016-03-18 20:50:55',0,958120922),(10,23,0,'2016-03-18 20:54:12','2016-03-18 20:54:12',0,394931266),(11,23,0,'2016-03-18 20:55:13','2016-03-18 20:55:13',0,150770231),(12,23,0,'2016-03-19 12:44:50','2016-03-19 12:44:50',0,552215860),(13,23,0,'2016-03-19 12:45:05','2016-03-19 12:45:05',0,345859368),(14,23,0,'2016-03-19 13:06:30','2016-03-19 13:06:30',0,412889708),(15,23,0,'2016-03-19 13:06:38','2016-03-19 13:06:38',0,992144789),(16,23,0,'2016-03-19 13:06:59','2016-03-19 13:06:59',0,837659985),(17,23,0,'2016-03-19 13:09:03','2016-03-19 13:09:03',0,392435682),(18,23,0,'2016-03-19 13:12:23','2016-03-19 13:12:23',0,421998813),(19,23,0,'2016-03-19 13:13:35','2016-03-19 13:13:35',0,502202953),(20,23,0,'2016-03-19 13:14:33','2016-03-19 13:14:33',0,205136967),(21,23,0,'2016-03-19 13:15:24','2016-03-19 13:15:24',0,870934119),(22,23,0,'2016-03-19 13:16:01','2016-03-19 13:16:01',0,404709320),(23,23,0,'2016-03-19 13:16:24','2016-03-19 13:16:24',0,967672377),(24,23,0,'2016-03-19 13:17:52','2016-03-19 13:17:52',0,930321510),(25,23,0,'2016-03-19 18:29:38','2016-03-19 18:29:38',0,830687647),(26,23,0,'2016-03-19 18:38:34','2016-03-19 18:38:34',0,476716149),(27,23,0,'2016-03-19 18:40:18','2016-03-19 18:40:18',0,586885910),(28,23,0,'2016-03-19 18:42:44','2016-03-19 18:42:44',0,419246959),(29,23,0,'2016-03-19 18:44:38','2016-03-19 18:44:38',0,654680983),(30,23,0,'2016-03-19 18:46:56','2016-03-19 18:46:56',0,584903104),(31,23,0,'2016-03-19 20:26:14','2016-03-19 20:26:14',0,135554782);
/*!40000 ALTER TABLE `payments` ENABLE KEYS */;
UNLOCK TABLES;

--
-- Table structure for table `permission_groups`
--

DROP TABLE IF EXISTS `permission_groups`;
/*!40101 SET @saved_cs_client     = @@character_set_client */;
/*!40101 SET character_set_client = utf8 */;
CREATE TABLE `permission_groups` (
  `id` int(10) unsigned NOT NULL AUTO_INCREMENT,
  `user_id` mediumint(9) NOT NULL,
  `title` varchar(50) COLLATE utf8_unicode_ci NOT NULL,
  `description` varchar(250) COLLATE utf8_unicode_ci NOT NULL,
  `send_single_sms` tinyint(1) NOT NULL,
  `send_group_sms` tinyint(1) NOT NULL,
  `created_at` timestamp NOT NULL DEFAULT CURRENT_TIMESTAMP ON UPDATE CURRENT_TIMESTAMP,
  `updated_at` timestamp NOT NULL DEFAULT '0000-00-00 00:00:00',
  `send_sms_by_city` tinyint(1) NOT NULL,
  `send_sms_by_occupation` tinyint(1) NOT NULL,
  `send_sms_by_postal_code` tinyint(1) NOT NULL,
  `send_sms_by_gender` tinyint(1) NOT NULL,
  `send_sms_by_map` tinyint(1) NOT NULL,
  `send_sms_by_brand` tinyint(1) NOT NULL,
  `send_international_sms` tinyint(1) NOT NULL,
  `report_for_sms` tinyint(1) NOT NULL,
  `receive_sms` tinyint(1) NOT NULL,
  `deleted_sms` tinyint(1) NOT NULL,
  `contacts_group` tinyint(1) NOT NULL,
  `contacts_contacts` tinyint(1) NOT NULL,
  `contacts_contacts_list` tinyint(1) NOT NULL,
  `contacts_removed` tinyint(1) NOT NULL,
  `tools_send_from_mobile` tinyint(1) NOT NULL,
  `tools_poll` tinyint(1) NOT NULL,
  `tools_polls_list` tinyint(1) NOT NULL,
  `tools_auto_answer` tinyint(1) NOT NULL,
  `tools_auto_answer_list` tinyint(1) NOT NULL,
  `tools_barcode` tinyint(1) NOT NULL,
  `tools_pretext` tinyint(1) NOT NULL,
  `tools_blacklist` tinyint(1) NOT NULL,
  `tools_backup` tinyint(1) NOT NULL,
  `tools_send_to_email` tinyint(1) NOT NULL,
  `tools_recieve_setting` tinyint(1) NOT NULL,
  `financial_charge` tinyint(1) NOT NULL,
  `financial_receipt` tinyint(1) NOT NULL,
  `financial_transactions` tinyint(1) NOT NULL,
  `financial_credit_report` tinyint(1) NOT NULL,
  `shop_buy_lines` tinyint(1) NOT NULL,
  `shop_buy_modules` tinyint(1) NOT NULL,
  `shop_extend_lines` tinyint(1) NOT NULL,
  `shop_special_plans` tinyint(1) NOT NULL,
  `support_ticket` tinyint(1) NOT NULL,
  `support_online_backup` tinyint(1) NOT NULL,
  `support_about_us` tinyint(1) NOT NULL,
  `support_contact_us` tinyint(1) NOT NULL,
  `support_our_services` tinyint(1) NOT NULL,
  `support_faq` tinyint(1) NOT NULL,
  `support_marketing` tinyint(1) NOT NULL,
  `user_profile` tinyint(1) NOT NULL,
  `user_webservice` tinyint(1) NOT NULL,
  `user_security_report` tinyint(1) NOT NULL,
  `user_create_user` tinyint(1) NOT NULL,
  `status` tinyint(4) NOT NULL,
  PRIMARY KEY (`id`)
) ENGINE=InnoDB AUTO_INCREMENT=15 DEFAULT CHARSET=utf8 COLLATE=utf8_unicode_ci;
/*!40101 SET character_set_client = @saved_cs_client */;

--
-- Dumping data for table `permission_groups`
--

LOCK TABLES `permission_groups` WRITE;
/*!40000 ALTER TABLE `permission_groups` DISABLE KEYS */;
INSERT INTO `permission_groups` VALUES (1,1,'virayesh','joziat',0,0,'2016-03-13 07:45:15','2016-03-13 11:15:15',0,0,0,0,0,0,0,0,0,0,0,0,0,0,0,0,0,0,0,0,0,0,0,0,0,0,0,0,0,0,0,0,0,0,0,0,0,0,0,0,0,0,0,0,-1),(2,1,'my permission groupsasdasdasda s as asd asd','asda sda sds dasasdasd',1,1,'2016-03-13 07:51:30','2016-03-13 11:21:30',0,0,1,1,0,0,1,1,0,0,1,1,0,0,1,0,0,0,1,0,0,0,0,0,0,0,0,0,0,0,0,0,0,0,0,0,0,0,0,0,0,0,0,0,-1),(3,1,'hichiasd asd asd sa','asd',0,1,'2016-02-27 20:27:49','2016-02-27 23:57:49',0,0,0,1,0,0,0,1,0,0,0,0,0,0,0,0,0,0,0,0,0,0,0,0,0,0,0,0,0,0,0,0,0,0,0,0,0,0,0,0,0,0,0,0,-1),(4,1,'asd','sdasd',0,0,'2016-02-27 20:31:20','2016-02-28 00:01:20',0,0,0,0,0,0,0,0,0,0,0,0,0,0,0,0,0,0,0,0,0,0,0,0,0,0,0,0,0,0,0,0,0,0,0,0,0,0,0,0,0,0,0,0,-1),(5,1,'asd','asdasdasdasd',0,0,'2016-03-13 07:51:35','2016-03-13 11:21:35',0,0,0,0,0,0,0,0,0,0,0,0,0,0,0,0,0,0,0,0,0,0,0,0,0,0,0,0,0,0,0,0,0,0,0,0,0,0,0,0,0,0,0,0,-1),(6,1,'asd','asdasdasdasd',0,0,'2016-03-13 07:51:38','2016-03-13 11:21:38',0,0,0,0,0,0,0,0,0,0,0,0,0,0,0,0,0,0,0,0,0,0,0,0,0,0,0,0,0,0,0,0,0,0,0,0,0,0,0,0,0,0,0,0,-1),(7,1,'asd','asdasasd',0,0,'2016-03-13 07:51:41','2016-03-13 11:21:41',0,0,0,0,0,0,0,0,0,0,0,0,0,0,0,0,0,0,0,0,0,0,0,0,0,0,0,0,0,0,0,0,0,0,0,0,0,0,0,0,0,0,0,0,-1),(8,1,'asd','asdasd',0,0,'2016-03-13 07:51:44','2016-03-13 11:21:44',0,0,0,0,0,0,0,0,0,0,0,0,0,0,0,0,0,0,0,0,0,0,0,0,0,0,0,0,0,0,0,0,0,0,0,0,0,0,0,0,0,0,0,0,-1),(9,1,'kb','k',0,0,'2016-03-13 07:51:47','2016-03-13 11:21:47',0,0,0,0,0,0,0,0,0,0,0,0,0,0,0,0,0,0,0,0,0,0,0,0,0,0,0,0,0,0,0,0,0,0,0,0,0,0,0,0,0,0,0,0,-1),(10,1,'asda','asdasd',0,0,'2016-03-13 07:51:51','2016-03-13 11:21:51',0,0,0,0,0,0,0,0,0,0,0,0,0,0,0,0,0,0,0,0,0,0,0,0,0,0,0,0,0,0,0,0,0,0,0,0,0,0,0,0,0,0,0,0,-1),(11,1,'asda','asdasd',0,0,'2016-03-13 07:51:53','2016-03-13 11:21:53',0,0,0,0,0,0,0,0,0,0,0,0,0,0,0,0,0,0,0,0,0,0,0,0,0,0,0,0,0,0,0,0,0,0,0,0,0,0,0,0,0,0,0,0,-1),(12,1,'asda','asdasd',0,0,'2016-03-13 07:51:57','2016-03-13 11:21:57',0,0,0,0,0,0,0,0,0,0,0,0,0,0,0,0,0,0,0,0,0,0,0,0,0,0,0,0,0,0,0,0,0,0,0,0,0,0,0,0,0,0,0,0,-1),(13,1,'asd','sadasasd as asd',0,0,'2016-03-13 07:52:00','2016-03-13 11:22:00',0,0,0,0,0,0,0,0,0,0,0,0,0,0,0,0,0,0,0,0,0,0,0,0,0,0,0,0,0,0,0,0,0,0,0,0,0,0,0,0,0,0,0,0,-1),(14,1,'طرح نقره ای','گروه دسترسی برای طرح نقره‌ای',0,1,'2016-03-13 11:29:36','2016-03-13 11:29:36',1,0,0,0,0,0,0,1,0,1,1,1,1,1,0,0,0,0,0,0,0,0,0,0,0,1,1,1,1,1,0,0,0,1,0,0,0,0,1,0,1,0,1,0,0);
/*!40000 ALTER TABLE `permission_groups` ENABLE KEYS */;
UNLOCK TABLES;

--
-- Table structure for table `permissions`
--

DROP TABLE IF EXISTS `permissions`;
/*!40101 SET @saved_cs_client     = @@character_set_client */;
/*!40101 SET character_set_client = utf8 */;
CREATE TABLE `permissions` (
  `id` int(10) unsigned NOT NULL AUTO_INCREMENT,
  `user_id` mediumint(9) NOT NULL,
  `send_single_sms` tinyint(1) NOT NULL,
  `send_group_sms` tinyint(1) NOT NULL,
  `created_at` timestamp NOT NULL DEFAULT CURRENT_TIMESTAMP ON UPDATE CURRENT_TIMESTAMP,
  `updated_at` timestamp NOT NULL DEFAULT '0000-00-00 00:00:00',
  `group` mediumint(9) NOT NULL,
  `send_sms_by_city` tinyint(1) NOT NULL,
  `send_sms_by_occupation` tinyint(1) NOT NULL,
  `send_sms_by_postal_code` tinyint(1) NOT NULL,
  `send_sms_by_gender` tinyint(1) NOT NULL,
  `send_sms_by_map` tinyint(1) NOT NULL,
  `send_sms_by_brand` tinyint(1) NOT NULL,
  `send_international_sms` tinyint(1) NOT NULL,
  `report_for_sms` tinyint(1) NOT NULL,
  `receive_sms` tinyint(1) NOT NULL,
  `deleted_sms` tinyint(1) NOT NULL,
  `contacts_group` tinyint(1) NOT NULL,
  `contacts_contacts` tinyint(1) NOT NULL,
  `contacts_contacts_list` tinyint(1) NOT NULL,
  `contacts_removed` tinyint(1) NOT NULL,
  `tools_send_from_mobile` tinyint(1) NOT NULL,
  `tools_poll` tinyint(1) NOT NULL,
  `tools_polls_list` tinyint(1) NOT NULL,
  `tools_auto_answer` tinyint(1) NOT NULL,
  `tools_auto_answer_list` tinyint(1) NOT NULL,
  `tools_barcode` tinyint(1) NOT NULL,
  `tools_pretext` tinyint(1) NOT NULL,
  `tools_blacklist` tinyint(1) NOT NULL,
  `tools_backup` tinyint(1) NOT NULL,
  `tools_send_to_email` tinyint(1) NOT NULL,
  `tools_recieve_setting` tinyint(1) NOT NULL,
  `financial_charge` tinyint(1) NOT NULL,
  `financial_receipt` tinyint(1) NOT NULL,
  `financial_transactions` tinyint(1) NOT NULL,
  `financial_credit_report` tinyint(1) NOT NULL,
  `shop_buy_lines` tinyint(1) NOT NULL,
  `shop_buy_modules` tinyint(1) NOT NULL,
  `shop_extend_lines` tinyint(1) NOT NULL,
  `shop_special_plans` tinyint(1) NOT NULL,
  `support_ticket` tinyint(1) NOT NULL,
  `support_online_backup` tinyint(1) NOT NULL,
  `support_about_us` tinyint(1) NOT NULL,
  `support_contact_us` tinyint(1) NOT NULL,
  `support_our_services` tinyint(1) NOT NULL,
  `support_faq` tinyint(1) NOT NULL,
  `support_marketing` tinyint(1) NOT NULL,
  `user_profile` tinyint(1) NOT NULL,
  `user_webservice` tinyint(1) NOT NULL,
  `user_security_report` tinyint(1) NOT NULL,
  `user_create_user` tinyint(1) NOT NULL,
  PRIMARY KEY (`id`)
) ENGINE=InnoDB AUTO_INCREMENT=9 DEFAULT CHARSET=utf8 COLLATE=utf8_unicode_ci;
/*!40101 SET character_set_client = @saved_cs_client */;

--
-- Dumping data for table `permissions`
--

LOCK TABLES `permissions` WRITE;
/*!40000 ALTER TABLE `permissions` DISABLE KEYS */;
INSERT INTO `permissions` VALUES (5,1,1,1,'2016-03-11 07:14:32','2016-02-28 00:38:00',0,1,1,1,1,1,1,1,1,1,1,1,1,1,1,0,0,0,0,0,1,0,0,0,0,0,0,0,0,0,0,0,0,0,0,0,0,0,0,0,0,0,0,0,0),(6,4,0,0,'2016-02-28 00:22:40','2016-02-28 00:22:40',0,0,0,0,0,0,0,0,0,0,0,0,0,0,0,0,0,0,0,0,0,0,0,0,0,0,0,0,0,0,0,0,0,0,0,0,0,0,0,0,0,0,0,0,0),(7,22,0,1,'2016-03-13 19:23:26','2016-03-13 19:23:26',0,1,0,0,0,0,0,0,1,0,1,1,1,1,1,0,0,0,0,0,0,0,0,0,0,0,1,1,1,1,1,0,0,0,1,0,0,0,0,1,0,1,0,1,0),(8,23,0,1,'2016-03-19 16:56:14','2016-03-19 20:26:14',0,1,0,0,0,1,0,0,1,0,1,1,1,1,1,0,0,0,0,0,0,0,0,0,0,0,1,1,1,1,1,1,0,0,1,0,0,0,0,1,0,1,0,1,0);
/*!40000 ALTER TABLE `permissions` ENABLE KEYS */;
UNLOCK TABLES;

--
-- Table structure for table `plans`
--

DROP TABLE IF EXISTS `plans`;
/*!40101 SET @saved_cs_client     = @@character_set_client */;
/*!40101 SET character_set_client = utf8 */;
CREATE TABLE `plans` (
  `id` int(10) unsigned NOT NULL AUTO_INCREMENT,
  `user_id` mediumint(9) NOT NULL,
  `title` varchar(50) COLLATE utf8_unicode_ci NOT NULL,
  `description` varchar(250) COLLATE utf8_unicode_ci NOT NULL,
  `line_id` mediumint(9) NOT NULL,
  `price_group` mediumint(9) NOT NULL,
  `permission_group` mediumint(9) NOT NULL,
  `value` mediumint(9) NOT NULL,
  `status` tinyint(4) NOT NULL,
  `created_at` timestamp NOT NULL DEFAULT CURRENT_TIMESTAMP ON UPDATE CURRENT_TIMESTAMP,
  `updated_at` timestamp NOT NULL DEFAULT '0000-00-00 00:00:00',
  `expires_at` timestamp NOT NULL DEFAULT '0000-00-00 00:00:00',
  PRIMARY KEY (`id`)
) ENGINE=InnoDB AUTO_INCREMENT=4 DEFAULT CHARSET=utf8 COLLATE=utf8_unicode_ci;
/*!40101 SET character_set_client = @saved_cs_client */;

--
-- Dumping data for table `plans`
--

LOCK TABLES `plans` WRITE;
/*!40000 ALTER TABLE `plans` DISABLE KEYS */;
INSERT INTO `plans` VALUES (1,1,'asdasd','asdasda asd as d',17,1,2,1000,-2,'2016-03-04 22:25:56','2016-03-05 01:55:56','0000-00-00 00:00:00'),(2,1,'asd','asd',21,3,3,100,-2,'2016-03-13 06:00:12','2016-03-13 09:30:12','0000-00-00 00:00:00'),(3,1,'طرح نقره ای','',1,4,14,15000,0,'2016-03-13 11:33:02','2016-03-13 11:33:02','0000-00-00 00:00:00');
/*!40000 ALTER TABLE `plans` ENABLE KEYS */;
UNLOCK TABLES;

--
-- Table structure for table `poll_answers`
--

DROP TABLE IF EXISTS `poll_answers`;
/*!40101 SET @saved_cs_client     = @@character_set_client */;
/*!40101 SET character_set_client = utf8 */;
CREATE TABLE `poll_answers` (
  `id` int(10) unsigned NOT NULL AUTO_INCREMENT,
  `user_id` mediumint(9) NOT NULL,
  `poll_id` mediumint(9) NOT NULL,
  `reply_id` mediumint(9) NOT NULL,
  `answer` mediumint(9) NOT NULL,
  `created_at` timestamp NOT NULL DEFAULT CURRENT_TIMESTAMP ON UPDATE CURRENT_TIMESTAMP,
  `updated_at` timestamp NOT NULL DEFAULT '0000-00-00 00:00:00',
  PRIMARY KEY (`id`)
) ENGINE=InnoDB DEFAULT CHARSET=utf8 COLLATE=utf8_unicode_ci;
/*!40101 SET character_set_client = @saved_cs_client */;

--
-- Dumping data for table `poll_answers`
--

LOCK TABLES `poll_answers` WRITE;
/*!40000 ALTER TABLE `poll_answers` DISABLE KEYS */;
/*!40000 ALTER TABLE `poll_answers` ENABLE KEYS */;
UNLOCK TABLES;

--
-- Table structure for table `polls`
--

DROP TABLE IF EXISTS `polls`;
/*!40101 SET @saved_cs_client     = @@character_set_client */;
/*!40101 SET character_set_client = utf8 */;
CREATE TABLE `polls` (
  `id` int(10) unsigned NOT NULL AUTO_INCREMENT,
  `user_id` mediumint(9) NOT NULL,
  `title` varchar(50) COLLATE utf8_unicode_ci NOT NULL,
  `type` tinyint(4) NOT NULL,
  `line_id` mediumint(9) NOT NULL,
  `started_at` timestamp NOT NULL DEFAULT CURRENT_TIMESTAMP ON UPDATE CURRENT_TIMESTAMP,
  `finished_at` timestamp NOT NULL DEFAULT '0000-00-00 00:00:00',
  `question` varchar(500) COLLATE utf8_unicode_ci NOT NULL,
  `answer` varchar(50) COLLATE utf8_unicode_ci NOT NULL,
  `reply` varchar(500) COLLATE utf8_unicode_ci NOT NULL,
  `status` tinyint(4) NOT NULL,
  `created_at` timestamp NOT NULL DEFAULT '0000-00-00 00:00:00',
  `updated_at` timestamp NOT NULL DEFAULT '0000-00-00 00:00:00',
  PRIMARY KEY (`id`)
) ENGINE=InnoDB AUTO_INCREMENT=4 DEFAULT CHARSET=utf8 COLLATE=utf8_unicode_ci;
/*!40101 SET character_set_client = @saved_cs_client */;

--
-- Dumping data for table `polls`
--

LOCK TABLES `polls` WRITE;
/*!40000 ALTER TABLE `polls` DISABLE KEYS */;
INSERT INTO `polls` VALUES (1,1,'asdasd',1,18,'2016-03-04 06:45:22','2016-02-10 00:00:00','asdasdasdasdasd','asdasdas','asdsada',-1,'2016-02-14 11:37:20','2016-03-04 10:15:22'),(2,1,'شسی',1,13,'2016-02-14 08:47:42','2016-02-17 00:00:00','شسی','شسی','شسی',-1,'2016-02-14 11:48:53','2016-02-14 12:17:42'),(3,1,'asd',1,17,'2016-03-04 00:00:00','0000-00-00 00:00:00','asdas','kj','',0,'2016-03-04 10:53:45','2016-03-04 12:17:08');
/*!40000 ALTER TABLE `polls` ENABLE KEYS */;
UNLOCK TABLES;

--
-- Table structure for table `postal_codes`
--

DROP TABLE IF EXISTS `postal_codes`;
/*!40101 SET @saved_cs_client     = @@character_set_client */;
/*!40101 SET character_set_client = utf8 */;
CREATE TABLE `postal_codes` (
  `id` int(10) unsigned NOT NULL AUTO_INCREMENT,
  `title` varchar(50) COLLATE utf8_unicode_ci NOT NULL,
  `created_at` timestamp NOT NULL DEFAULT CURRENT_TIMESTAMP ON UPDATE CURRENT_TIMESTAMP,
  `updated_at` timestamp NOT NULL DEFAULT '0000-00-00 00:00:00',
  PRIMARY KEY (`id`)
) ENGINE=InnoDB AUTO_INCREMENT=4 DEFAULT CHARSET=utf8 COLLATE=utf8_unicode_ci;
/*!40101 SET character_set_client = @saved_cs_client */;

--
-- Dumping data for table `postal_codes`
--

LOCK TABLES `postal_codes` WRITE;
/*!40000 ALTER TABLE `postal_codes` DISABLE KEYS */;
INSERT INTO `postal_codes` VALUES (1,'1231251213','2016-03-01 19:41:37','0000-00-00 00:00:00'),(2,'1231212412','2016-03-03 21:16:37','2016-03-03 21:16:37'),(3,'1231212412شسیشسی','2016-03-03 17:59:11','2016-03-03 21:29:11');
/*!40000 ALTER TABLE `postal_codes` ENABLE KEYS */;
UNLOCK TABLES;

--
-- Table structure for table `pre_text_groups`
--

DROP TABLE IF EXISTS `pre_text_groups`;
/*!40101 SET @saved_cs_client     = @@character_set_client */;
/*!40101 SET character_set_client = utf8 */;
CREATE TABLE `pre_text_groups` (
  `id` int(10) unsigned NOT NULL AUTO_INCREMENT,
  `user_id` mediumint(9) NOT NULL,
  `title` varchar(50) COLLATE utf8_unicode_ci NOT NULL,
  `created_at` timestamp NOT NULL DEFAULT CURRENT_TIMESTAMP ON UPDATE CURRENT_TIMESTAMP,
  `updated_at` timestamp NOT NULL DEFAULT '0000-00-00 00:00:00',
  `global` tinyint(1) NOT NULL,
  `status` tinyint(4) NOT NULL,
  PRIMARY KEY (`id`)
) ENGINE=InnoDB AUTO_INCREMENT=3 DEFAULT CHARSET=utf8 COLLATE=utf8_unicode_ci;
/*!40101 SET character_set_client = @saved_cs_client */;

--
-- Dumping data for table `pre_text_groups`
--

LOCK TABLES `pre_text_groups` WRITE;
/*!40000 ALTER TABLE `pre_text_groups` DISABLE KEYS */;
INSERT INTO `pre_text_groups` VALUES (1,1,'group 1 sd','2016-02-14 19:33:29','2016-02-14 23:03:29',0,-1),(2,1,'sad','2016-03-03 19:39:27','2016-03-03 19:39:27',0,0);
/*!40000 ALTER TABLE `pre_text_groups` ENABLE KEYS */;
UNLOCK TABLES;

--
-- Table structure for table `pre_texts`
--

DROP TABLE IF EXISTS `pre_texts`;
/*!40101 SET @saved_cs_client     = @@character_set_client */;
/*!40101 SET character_set_client = utf8 */;
CREATE TABLE `pre_texts` (
  `id` int(10) unsigned NOT NULL AUTO_INCREMENT,
  `user_id` mediumint(9) NOT NULL,
  `group_id` mediumint(9) NOT NULL,
  `text` varchar(250) COLLATE utf8_unicode_ci NOT NULL,
  `created_at` timestamp NOT NULL DEFAULT CURRENT_TIMESTAMP ON UPDATE CURRENT_TIMESTAMP,
  `updated_at` timestamp NOT NULL DEFAULT '0000-00-00 00:00:00',
  `global` tinyint(1) NOT NULL,
  `status` tinyint(4) NOT NULL,
  PRIMARY KEY (`id`)
) ENGINE=InnoDB AUTO_INCREMENT=3 DEFAULT CHARSET=utf8 COLLATE=utf8_unicode_ci;
/*!40101 SET character_set_client = @saved_cs_client */;

--
-- Dumping data for table `pre_texts`
--

LOCK TABLES `pre_texts` WRITE;
/*!40000 ALTER TABLE `pre_texts` DISABLE KEYS */;
INSERT INTO `pre_texts` VALUES (1,1,1,'asd','2016-03-02 20:45:34','2016-03-03 00:15:34',0,-1),(2,1,1,'kjhjkkسییسب dasd','2016-03-03 15:46:51','2016-03-03 19:16:51',0,0);
/*!40000 ALTER TABLE `pre_texts` ENABLE KEYS */;
UNLOCK TABLES;

--
-- Table structure for table `price_groups`
--

DROP TABLE IF EXISTS `price_groups`;
/*!40101 SET @saved_cs_client     = @@character_set_client */;
/*!40101 SET character_set_client = utf8 */;
CREATE TABLE `price_groups` (
  `id` int(10) unsigned NOT NULL AUTO_INCREMENT,
  `user_id` mediumint(9) NOT NULL,
  `title` varchar(50) COLLATE utf8_unicode_ci NOT NULL,
  `description` varchar(250) COLLATE utf8_unicode_ci NOT NULL,
  `talia_reg` double(8,2) NOT NULL,
  `talia_lat` double(8,2) NOT NULL,
  `talia_rec` double(8,2) NOT NULL,
  `talia_smr` double(8,2) NOT NULL,
  `spadana_reg` double(8,2) NOT NULL,
  `spadana_lat` double(8,2) NOT NULL,
  `spadana_rec` double(8,2) NOT NULL,
  `spadana_smr` double(8,2) NOT NULL,
  `kish_reg` double(8,2) NOT NULL,
  `kish_lat` double(8,2) NOT NULL,
  `kish_rec` double(8,2) NOT NULL,
  `kish_smr` double(8,2) NOT NULL,
  `irancell_reg` double(8,2) NOT NULL,
  `irancell_lat` double(8,2) NOT NULL,
  `irancell_rec` double(8,2) NOT NULL,
  `irancell_smr` double(8,2) NOT NULL,
  `rightel_reg` double(8,2) NOT NULL,
  `rightel_lat` double(8,2) NOT NULL,
  `rightel_rec` double(8,2) NOT NULL,
  `rightel_smr` double(8,2) NOT NULL,
  `hamrah_reg` double(8,2) NOT NULL,
  `hamrah_lat` double(8,2) NOT NULL,
  `hamrah_rec` double(8,2) NOT NULL,
  `hamrah_smr` double(8,2) NOT NULL,
  `created_at` timestamp NOT NULL DEFAULT CURRENT_TIMESTAMP ON UPDATE CURRENT_TIMESTAMP,
  `updated_at` timestamp NOT NULL DEFAULT '0000-00-00 00:00:00',
  `status` tinyint(4) NOT NULL,
  `international` double(8,2) NOT NULL,
  `tax` tinyint(4) NOT NULL DEFAULT '0',
  `tax_percent` double(8,2) NOT NULL,
  `character_limit` mediumint(9) NOT NULL,
  PRIMARY KEY (`id`)
) ENGINE=InnoDB AUTO_INCREMENT=5 DEFAULT CHARSET=utf8 COLLATE=utf8_unicode_ci;
/*!40101 SET character_set_client = @saved_cs_client */;

--
-- Dumping data for table `price_groups`
--

LOCK TABLES `price_groups` WRITE;
/*!40000 ALTER TABLE `price_groups` DISABLE KEYS */;
INSERT INTO `price_groups` VALUES (1,1,'avalinasdasd','desadsd',1.00,1.00,1.00,1.00,1.00,1.00,1.00,1.00,1.00,1.00,1.00,1.00,1.00,1.00,1.00,1.00,1.00,1.00,1.00,1.00,1.00,1.00,1.00,1.00,'2016-04-03 18:54:51','2016-04-03 23:24:51',-1,3.00,0,0.12,0),(2,1,'avalinasdasd','desadsd',1.00,1.00,1.00,1.00,1.00,1.00,1.00,1.00,1.00,1.00,1.00,1.00,1.00,1.00,1.00,1.00,1.00,1.00,1.00,1.00,1.00,1.00,1.00,1.00,'2016-04-03 18:54:51','2016-04-03 23:24:51',-1,3.00,0,0.12,0),(3,1,'avalinasdasd','desadsd',1.00,1.00,1.00,1.00,1.00,1.00,1.00,1.00,1.00,1.00,1.00,1.00,1.00,1.00,1.00,1.00,1.00,1.00,1.00,1.00,1.00,1.00,1.00,1.00,'2016-04-03 18:56:00','2016-04-03 23:26:00',0,3.00,1,0.12,0),(4,1,'avalinasdasd','desadsd',1.00,1.00,1.00,1.00,1.00,1.00,1.00,1.00,1.00,1.00,1.00,1.00,1.00,1.00,1.00,1.00,1.00,1.00,1.00,1.00,1.00,1.00,1.00,1.00,'2016-04-03 18:54:51','2016-04-03 23:24:51',0,3.00,0,0.12,0);
/*!40000 ALTER TABLE `price_groups` ENABLE KEYS */;
UNLOCK TABLES;

--
-- Table structure for table `provinces`
--

DROP TABLE IF EXISTS `provinces`;
/*!40101 SET @saved_cs_client     = @@character_set_client */;
/*!40101 SET character_set_client = utf8 */;
CREATE TABLE `provinces` (
  `id` int(11) unsigned NOT NULL AUTO_INCREMENT,
  `name` varchar(100) NOT NULL,
  PRIMARY KEY (`id`)
) ENGINE=InnoDB AUTO_INCREMENT=32 DEFAULT CHARSET=utf8;
/*!40101 SET character_set_client = @saved_cs_client */;

--
-- Dumping data for table `provinces`
--

LOCK TABLES `provinces` WRITE;
/*!40000 ALTER TABLE `provinces` DISABLE KEYS */;
INSERT INTO `provinces` VALUES (1,'آذربايجان شرقي'),(2,'آذربايجان غربي'),(3,'اردبيل'),(4,'اصفهان'),(5,'البرز'),(6,'ايلام'),(7,'بوشهر'),(8,'تهران'),(9,'چهارمحال بختياري'),(10,'خراسان جنوبي'),(11,'خراسان رضوي'),(12,'خراسان شمالي'),(13,'خوزستان'),(14,'زنجان'),(15,'سمنان'),(16,'سيستان و بلوچستان'),(17,'فارس'),(18,'قزوين'),(19,'قم'),(20,'كردستان'),(21,'كرمان'),(22,'كرمانشاه'),(23,'كهكيلويه و بويراحمد'),(24,'گلستان'),(25,'گيلان'),(26,'لرستان'),(27,'مازندران'),(28,'مركزي'),(29,'هرمزگان'),(30,'همدان'),(31,'يزد');
/*!40000 ALTER TABLE `provinces` ENABLE KEYS */;
UNLOCK TABLES;

--
-- Table structure for table `received_s_m_s`
--

DROP TABLE IF EXISTS `received_s_m_s`;
/*!40101 SET @saved_cs_client     = @@character_set_client */;
/*!40101 SET character_set_client = utf8 */;
CREATE TABLE `received_s_m_s` (
  `id` int(10) unsigned NOT NULL AUTO_INCREMENT,
  `user_id` mediumint(9) NOT NULL,
  `from` varchar(25) COLLATE utf8_unicode_ci NOT NULL,
  `text` varchar(500) COLLATE utf8_unicode_ci NOT NULL,
  `created_at` timestamp NOT NULL DEFAULT CURRENT_TIMESTAMP ON UPDATE CURRENT_TIMESTAMP,
  `updated_at` timestamp NOT NULL DEFAULT '0000-00-00 00:00:00',
  `to` varchar(25) COLLATE utf8_unicode_ci NOT NULL,
  PRIMARY KEY (`id`)
) ENGINE=InnoDB AUTO_INCREMENT=2 DEFAULT CHARSET=utf8 COLLATE=utf8_unicode_ci;
/*!40101 SET character_set_client = @saved_cs_client */;

--
-- Dumping data for table `received_s_m_s`
--

LOCK TABLES `received_s_m_s` WRITE;
/*!40000 ALTER TABLE `received_s_m_s` DISABLE KEYS */;
INSERT INTO `received_s_m_s` VALUES (1,1,'09379010826','hello from the outside','2016-02-12 09:41:59','2016-02-12 09:40:24','10000032324');
/*!40000 ALTER TABLE `received_s_m_s` ENABLE KEYS */;
UNLOCK TABLES;

--
-- Table structure for table `s_m_s`
--

DROP TABLE IF EXISTS `s_m_s`;
/*!40101 SET @saved_cs_client     = @@character_set_client */;
/*!40101 SET character_set_client = utf8 */;
CREATE TABLE `s_m_s` (
  `id` int(10) unsigned NOT NULL AUTO_INCREMENT,
  `user_id` mediumint(9) NOT NULL,
  `text` varchar(500) COLLATE utf8_unicode_ci NOT NULL,
  `status` tinyint(4) NOT NULL,
  `reciever` varchar(25) COLLATE utf8_unicode_ci NOT NULL,
  `scheduled_on` timestamp NOT NULL DEFAULT '0000-00-00 00:00:00',
  `created_at` timestamp NOT NULL DEFAULT '0000-00-00 00:00:00',
  `updated_at` timestamp NOT NULL DEFAULT '0000-00-00 00:00:00',
  `type` tinyint(4) NOT NULL,
  `trashed` tinyint(4) NOT NULL,
  PRIMARY KEY (`id`)
) ENGINE=InnoDB AUTO_INCREMENT=669 DEFAULT CHARSET=utf8 COLLATE=utf8_unicode_ci;
/*!40101 SET character_set_client = @saved_cs_client */;

--
-- Dumping data for table `s_m_s`
--

LOCK TABLES `s_m_s` WRITE;
/*!40000 ALTER TABLE `s_m_s` DISABLE KEYS */;
INSERT INTO `s_m_s` VALUES (6,1,'sasdasdasd',0,'09303333333','0000-00-00 00:00:00','2016-02-10 11:59:46','2016-03-13 23:04:07',0,1),(7,1,'hello',0,'09303333333','0000-00-00 00:00:00','2016-02-12 12:45:33','2016-03-02 19:38:03',0,1),(8,1,'hello',0,'09303333333','0000-00-00 00:00:00','2016-02-12 12:45:54','2016-03-29 18:42:04',3,1),(9,1,'asd',0,'09379010826','0000-00-00 00:00:00','2016-03-01 21:02:20','2016-03-02 19:38:07',0,1),(10,1,'asd',0,'09379010826','0000-00-00 00:00:00','2016-03-01 21:03:48','2016-03-29 19:26:36',0,1),(11,1,'adsasd',0,'09379010826','0000-00-00 00:00:00','2016-03-01 21:16:17','2016-03-29 18:42:10',0,1),(12,1,'sasdasdasd',0,'09303333333','0000-00-00 00:00:00','2016-03-02 19:25:54','2016-03-29 19:25:21',0,1),(13,1,'sasdasdasd',0,'09303333333','0000-00-00 00:00:00','2016-03-02 19:26:13','2016-03-29 18:42:18',0,1),(14,1,'asdasd',0,'09379010826','0000-00-00 00:00:00','2016-03-02 21:05:50','2016-03-29 19:27:00',0,1),(15,1,'asd',0,'097657923','0000-00-00 00:00:00','2016-03-02 21:12:27','2016-03-29 19:26:36',0,1),(16,1,'hello from the outside',0,'34234234','0000-00-00 00:00:00','2016-03-02 21:14:36','2016-03-29 19:24:54',0,1),(17,1,'hello from the outside',0,'9879','0000-00-00 00:00:00','2016-03-02 21:16:24','2016-03-29 19:25:16',0,1),(18,1,'hoy olagh ba toam',0,'09379010826','0000-00-00 00:00:00','2016-03-02 21:20:40','2016-03-29 19:23:50',0,1),(19,1,'asads',0,'00002323','0000-00-00 00:00:00','2016-03-07 01:00:28','2016-03-29 19:29:13',0,1),(20,1,'asads',0,'00002323','0000-00-00 00:00:00','2016-03-07 01:00:43','2016-03-29 19:26:36',0,1),(21,1,'asads',0,'00002323','0000-00-00 00:00:00','2016-03-07 01:00:54','2016-03-29 19:27:00',0,1),(22,1,'asads',0,'00002323','0000-00-00 00:00:00','2016-03-07 01:01:05','2016-03-29 19:29:31',0,1),(23,1,'asads',0,'00002323','0000-00-00 00:00:00','2016-03-07 01:01:21','2016-03-29 19:27:00',0,1),(24,1,'asads',0,'00002323','0000-00-00 00:00:00','2016-03-07 01:01:27','2016-03-29 19:29:13',0,1),(25,1,'asd',0,'097657922','0000-00-00 00:00:00','2016-03-09 22:13:57','2016-03-29 19:27:00',0,1),(26,1,'asd',0,'097657922','0000-00-00 00:00:00','2016-03-09 22:19:47','2016-03-29 19:35:47',0,1),(27,1,'asdasd',0,'123123','0000-00-00 00:00:00','2016-03-09 22:21:52','2016-03-29 19:27:00',0,1),(28,1,'asd',0,'222','0000-00-00 00:00:00','2016-03-09 22:26:23','2016-03-29 19:29:31',0,1),(29,1,'asd',0,'222','0000-00-00 00:00:00','2016-03-09 22:27:49','2016-03-29 19:27:00',0,1),(30,1,'asd',0,'222','0000-00-00 00:00:00','2016-03-09 22:27:57','2016-03-09 22:27:57',0,0),(31,1,'asd',0,'12323','0000-00-00 00:00:00','2016-03-09 22:28:24','2016-03-29 19:27:02',0,1),(32,1,'asd',0,'222','0000-00-00 00:00:00','2016-03-09 22:28:42','2016-03-29 19:35:47',0,1),(33,1,'asdasd',0,'21221','0000-00-00 00:00:00','2016-03-09 22:28:55','2016-03-29 19:27:02',0,1),(34,1,'mn l',0,'466','0000-00-00 00:00:00','2016-03-09 23:46:51','2016-03-29 19:27:12',0,1),(35,1,'jnlj',0,'097657923','0000-00-00 00:00:00','2016-03-11 09:11:35','2016-03-29 19:27:02',0,1),(36,1,'jnlj',0,'097657922','0000-00-00 00:00:00','2016-03-11 09:11:35','2016-03-29 19:27:26',0,1),(37,1,'jnlj',0,'466','0000-00-00 00:00:00','2016-03-11 09:11:35','2016-03-29 19:27:02',0,1),(38,1,'jnlj',0,'466','0000-00-00 00:00:00','2016-03-11 09:11:35','2016-03-29 19:27:12',0,1),(39,1,'jnlj',0,'466','0000-00-00 00:00:00','2016-03-11 09:11:35','2016-03-29 19:27:41',0,1),(40,1,'jnlj',0,'466','0000-00-00 00:00:00','2016-03-11 09:11:35','2016-03-29 19:27:12',0,1),(41,1,'jnlj',0,'466','0000-00-00 00:00:00','2016-03-11 09:11:35','2016-03-29 19:27:26',0,1),(42,1,'jnljdsd',0,'097657923','0000-00-00 00:00:00','2016-03-11 09:15:43','2016-03-11 09:15:43',0,0),(43,1,'jnljdsd',0,'097657922','0000-00-00 00:00:00','2016-03-11 09:15:43','2016-03-29 19:27:26',0,1),(44,1,'jnljdsd',0,'466','0000-00-00 00:00:00','2016-03-11 09:15:43','2016-03-29 19:27:41',0,1),(45,1,'jnljdsd',0,'466','0000-00-00 00:00:00','2016-03-11 09:15:43','2016-03-29 19:35:47',0,1),(46,1,'jnljdsd',0,'466','0000-00-00 00:00:00','2016-03-11 09:15:43','2016-03-29 19:27:41',0,1),(47,1,'jnljdsd',0,'466','0000-00-00 00:00:00','2016-03-11 09:15:43','2016-03-11 09:15:43',0,0),(48,1,'jnljdsd',0,'466','0000-00-00 00:00:00','2016-03-11 09:15:43','2016-03-29 19:29:51',0,1),(49,1,'dads',0,'396-575-168','0000-00-00 00:00:00','2016-03-11 10:30:31','2016-03-11 10:30:31',0,0),(50,1,'ZX',0,'102-063-359','0000-00-00 00:00:00','2016-03-11 10:48:30','2016-03-11 10:48:30',0,0),(51,1,'ZX',0,'497-352-302','0000-00-00 00:00:00','2016-03-11 10:48:31','2016-03-11 10:48:31',0,0),(52,1,'ZX',0,'466-314-032','0000-00-00 00:00:00','2016-03-11 10:48:31','2016-03-11 10:48:31',0,0),(53,1,'ZX',0,'889-097-693','0000-00-00 00:00:00','2016-03-11 10:48:31','2016-03-11 10:48:31',0,0),(54,1,'asd',0,'096-812-332','0000-00-00 00:00:00','2016-03-11 11:06:58','2016-03-11 11:06:58',0,0),(55,1,'asd',0,'452-288-146','0000-00-00 00:00:00','2016-03-11 11:06:58','2016-03-11 11:06:58',0,0),(56,1,'asd',0,'044-237-923','0000-00-00 00:00:00','2016-03-11 11:06:58','2016-03-11 11:06:58',0,0),(57,1,'asd',0,'287-098-933','0000-00-00 00:00:00','2016-03-11 11:06:58','2016-03-11 11:06:58',0,0),(58,1,'asd',0,'759-291-391','0000-00-00 00:00:00','2016-03-11 11:06:58','2016-03-11 11:06:58',0,0),(59,1,'efsd',0,'396-575-168','0000-00-00 00:00:00','2016-03-11 11:07:21','2016-03-11 11:07:21',0,0),(60,1,'efsd',0,'930-188-657','0000-00-00 00:00:00','2016-03-11 11:07:21','2016-03-11 11:07:21',0,0),(61,1,'efsd',0,'758-832-593','0000-00-00 00:00:00','2016-03-11 11:07:21','2016-03-11 11:07:21',0,0),(62,1,'efsd',0,'812-562-516','0000-00-00 00:00:00','2016-03-11 11:07:21','2016-03-11 11:07:21',0,0),(63,1,'efsd',0,'684-880-667','0000-00-00 00:00:00','2016-03-11 11:07:21','2016-03-11 11:07:21',0,0),(64,1,'asd',0,'466','0000-00-00 00:00:00','2016-03-11 12:01:41','2016-03-11 12:01:41',0,0),(65,1,'097657923',0,'dsad','0000-00-00 00:00:00','2016-03-11 12:14:31','2016-03-11 12:14:31',0,0),(66,1,'asd',0,'097657923','0000-00-00 00:00:00','2016-03-11 12:37:37','2016-03-11 12:37:37',0,0),(67,1,'asd',0,'097657922','0000-00-00 00:00:00','2016-03-11 12:37:37','2016-03-11 12:37:37',0,0),(68,1,'asd',0,'466','0000-00-00 00:00:00','2016-03-11 12:37:37','2016-03-11 12:37:37',0,0),(69,1,'asd',0,'466','0000-00-00 00:00:00','2016-03-11 12:37:37','2016-03-11 12:37:37',0,0),(70,1,'asd',0,'466','0000-00-00 00:00:00','2016-03-11 12:37:37','2016-03-11 12:37:37',0,0),(71,1,'asd',0,'466','0000-00-00 00:00:00','2016-03-11 12:37:37','2016-03-11 12:37:37',0,0),(72,1,'asd',0,'466','0000-00-00 00:00:00','2016-03-11 12:37:37','2016-03-11 12:37:37',0,0),(73,1,'asd',0,'396-575-168','0000-00-00 00:00:00','2016-03-11 12:53:11','2016-03-11 12:53:11',0,0),(74,1,'asdasd',0,'396-575-168','0000-00-00 00:00:00','2016-03-11 13:01:25','2016-03-11 13:01:25',0,0),(75,1,'asd',0,'396-575-168','0000-00-00 00:00:00','2016-03-11 13:02:09','2016-03-11 13:02:09',0,0),(76,1,'asd',0,'396-575-168','0000-00-00 00:00:00','2016-03-11 13:19:29','2016-03-11 13:19:29',0,0),(77,1,'asd',0,'930-188-657','0000-00-00 00:00:00','2016-03-11 13:19:29','2016-03-11 13:19:29',0,0),(78,1,'asd',0,'758-832-593','0000-00-00 00:00:00','2016-03-11 13:19:29','2016-03-11 13:19:29',0,0),(79,1,'asd',0,'812-562-516','0000-00-00 00:00:00','2016-03-11 13:19:29','2016-03-11 13:19:29',0,0),(80,1,'asd',0,'684-880-667','0000-00-00 00:00:00','2016-03-11 13:19:29','2016-03-11 13:19:29',0,0),(81,1,'hbkk',0,'396-575-168','0000-00-00 00:00:00','2016-03-11 15:05:57','2016-03-11 15:05:57',0,0),(82,1,'hbkk',0,'149-520-964','0000-00-00 00:00:00','2016-03-11 15:05:57','2016-03-11 15:05:57',0,0),(83,1,'hbkk',0,'040-287-744','0000-00-00 00:00:00','2016-03-11 15:05:57','2016-03-11 15:05:57',0,0),(84,1,'hbkk',0,'024-736-593','0000-00-00 00:00:00','2016-03-11 15:05:57','2016-03-11 15:05:57',0,0),(85,1,'hbkk',0,'479-816-326','0000-00-00 00:00:00','2016-03-11 15:05:57','2016-03-11 15:05:57',0,0),(86,1,'hbkk',0,'298-389-723','0000-00-00 00:00:00','2016-03-11 15:05:57','2016-03-11 15:05:57',0,0),(87,1,'hbkk',0,'565-900-707','0000-00-00 00:00:00','2016-03-11 15:05:57','2016-03-11 15:05:57',0,0),(88,1,'hbkk',0,'011-017-903','0000-00-00 00:00:00','2016-03-11 15:05:57','2016-03-11 15:05:57',0,0),(89,1,'hbkk',0,'744-912-765','0000-00-00 00:00:00','2016-03-11 15:05:57','2016-03-11 15:05:57',0,0),(90,1,'hbkk',0,'236-121-091','0000-00-00 00:00:00','2016-03-11 15:05:57','2016-03-11 15:05:57',0,0),(91,1,'hbkk',0,'096-812-332','0000-00-00 00:00:00','2016-03-11 15:05:57','2016-03-11 15:05:57',0,0),(92,1,'hbkk',0,'853-528-474','0000-00-00 00:00:00','2016-03-11 15:05:57','2016-03-11 15:05:57',0,0),(93,1,'hbkk',0,'930-188-657','0000-00-00 00:00:00','2016-03-11 15:05:57','2016-03-11 15:05:57',0,0),(94,1,'hbkk',0,'214-592-899','0000-00-00 00:00:00','2016-03-11 15:05:57','2016-03-11 15:05:57',0,0),(95,1,'hbkk',0,'769-663-622','0000-00-00 00:00:00','2016-03-11 15:05:57','2016-03-11 15:05:57',0,0),(96,1,'hbkk',0,'000-307-696','0000-00-00 00:00:00','2016-03-11 15:05:57','2016-03-11 15:05:57',0,0),(97,1,'hbkk',0,'070-491-036','0000-00-00 00:00:00','2016-03-11 15:05:57','2016-03-11 15:05:57',0,0),(98,1,'hbkk',0,'881-635-192','0000-00-00 00:00:00','2016-03-11 15:05:57','2016-03-11 15:05:57',0,0),(99,1,'hbkk',0,'557-020-614','0000-00-00 00:00:00','2016-03-11 15:05:58','2016-03-11 15:05:58',0,0),(100,1,'hbkk',0,'590-218-200','0000-00-00 00:00:00','2016-03-11 15:05:58','2016-03-11 15:05:58',0,0),(101,1,'hbkk',0,'736-947-047','0000-00-00 00:00:00','2016-03-11 15:05:58','2016-03-11 15:05:58',0,0),(102,1,'hbkk',0,'883-956-166','0000-00-00 00:00:00','2016-03-11 15:05:58','2016-03-11 15:05:58',0,0),(103,1,'hbkk',0,'593-273-891','0000-00-00 00:00:00','2016-03-11 15:05:58','2016-03-11 15:05:58',0,0),(104,1,'hbkk',0,'300-078-284','0000-00-00 00:00:00','2016-03-11 15:05:58','2016-03-11 15:05:58',0,0),(105,1,'hbkk',0,'709-336-256','0000-00-00 00:00:00','2016-03-11 15:05:58','2016-03-11 15:05:58',0,0),(106,1,'hbkk',0,'102-063-359','0000-00-00 00:00:00','2016-03-11 15:05:58','2016-03-11 15:05:58',0,0),(107,1,'hbkk',0,'435-062-083','0000-00-00 00:00:00','2016-03-11 15:05:58','2016-03-11 15:05:58',0,0),(108,1,'hbkk',0,'343-024-820','0000-00-00 00:00:00','2016-03-11 15:05:58','2016-03-11 15:05:58',0,0),(109,1,'hbkk',0,'905-070-840','0000-00-00 00:00:00','2016-03-11 15:05:58','2016-03-11 15:05:58',0,0),(110,1,'asdaasd',0,'040-287-744','0000-00-00 00:00:00','2016-03-11 17:55:39','2016-03-11 17:55:39',0,0),(111,1,'asdaasd',0,'024-736-593','0000-00-00 00:00:00','2016-03-11 17:55:39','2016-03-11 17:55:39',0,0),(112,1,'asdaasd',0,'479-816-326','0000-00-00 00:00:00','2016-03-11 17:55:39','2016-03-11 17:55:39',0,0),(113,1,'asdaasd',0,'298-389-723','0000-00-00 00:00:00','2016-03-11 17:55:39','2016-03-11 17:55:39',0,0),(114,1,'asdaasd',0,'744-912-765','0000-00-00 00:00:00','2016-03-11 17:55:39','2016-03-11 17:55:39',0,0),(115,1,'asdaasd',0,'096-812-332','0000-00-00 00:00:00','2016-03-11 17:55:39','2016-03-11 17:55:39',0,0),(116,1,'asdaasd',0,'853-528-474','0000-00-00 00:00:00','2016-03-11 17:55:39','2016-03-11 17:55:39',0,0),(117,1,'asdaasd',0,'214-592-899','0000-00-00 00:00:00','2016-03-11 17:55:39','2016-03-11 17:55:39',0,0),(118,1,'asdaasd',0,'769-663-622','0000-00-00 00:00:00','2016-03-11 17:55:39','2016-03-11 17:55:39',0,0),(119,1,'asdaasd',0,'070-491-036','0000-00-00 00:00:00','2016-03-11 17:55:39','2016-03-11 17:55:39',0,0),(120,1,'asdaasd',0,'557-020-614','0000-00-00 00:00:00','2016-03-11 17:55:39','2016-03-11 17:55:39',0,0),(121,1,'asdaasd',0,'593-273-891','0000-00-00 00:00:00','2016-03-11 17:55:39','2016-03-11 17:55:39',0,0),(122,1,'asdaasd',0,'300-078-284','0000-00-00 00:00:00','2016-03-11 17:55:39','2016-03-11 17:55:39',0,0),(123,1,'asdaasd',0,'709-336-256','0000-00-00 00:00:00','2016-03-11 17:55:39','2016-03-11 17:55:39',0,0),(124,1,'asdaasd',0,'102-063-359','0000-00-00 00:00:00','2016-03-11 17:55:39','2016-03-11 17:55:39',0,0),(125,1,'asdaasd',0,'207-798-026','0000-00-00 00:00:00','2016-03-11 17:55:39','2016-03-11 17:55:39',0,0),(126,1,'asdaasd',0,'275-544-087','0000-00-00 00:00:00','2016-03-11 17:55:39','2016-03-11 17:55:39',0,0),(127,1,'asdaasd',0,'024-032-128','0000-00-00 00:00:00','2016-03-11 17:55:39','2016-03-11 17:55:39',0,0),(128,1,'asdaasd',0,'515-364-015','0000-00-00 00:00:00','2016-03-11 17:55:39','2016-03-11 17:55:39',0,0),(129,1,'asdaasd',0,'468-333-809','0000-00-00 00:00:00','2016-03-11 17:55:39','2016-03-11 17:55:39',0,0),(130,1,'asdaasd',0,'497-352-302','0000-00-00 00:00:00','2016-03-11 17:55:39','2016-03-11 17:55:39',0,0),(131,1,'asdaasd',0,'603-184-930','0000-00-00 00:00:00','2016-03-11 17:55:39','2016-03-11 17:55:39',0,0),(132,1,'asdaasd',0,'797-460-683','0000-00-00 00:00:00','2016-03-11 17:55:39','2016-03-11 17:55:39',0,0),(133,1,'asdaasd',0,'530-608-661','0000-00-00 00:00:00','2016-03-11 17:55:39','2016-03-11 17:55:39',0,0),(134,1,'asdaasd',0,'416-222-424','0000-00-00 00:00:00','2016-03-11 17:55:39','2016-03-11 17:55:39',0,0),(135,1,'asdaasd',0,'466-314-032','0000-00-00 00:00:00','2016-03-11 17:55:39','2016-03-11 17:55:39',0,0),(136,1,'asdaasd',0,'933-177-925','0000-00-00 00:00:00','2016-03-11 17:55:39','2016-03-11 17:55:39',0,0),(137,1,'asdaasd',0,'955-686-686','0000-00-00 00:00:00','2016-03-11 17:55:39','2016-03-11 17:55:39',0,0),(138,1,'asdaasd',0,'193-925-864','0000-00-00 00:00:00','2016-03-11 17:55:39','2016-03-11 17:55:39',0,0),(139,1,'asdaasd',0,'061-001-399','0000-00-00 00:00:00','2016-03-11 17:55:39','2016-03-11 17:55:39',0,0),(140,1,'asdaasd',0,'456-749-947','0000-00-00 00:00:00','2016-03-11 17:55:39','2016-03-11 17:55:39',0,0),(141,1,'asdaasd',0,'329-343-216','0000-00-00 00:00:00','2016-03-11 17:55:39','2016-03-11 17:55:39',0,0),(142,1,'asdaasd',0,'538-507-111','0000-00-00 00:00:00','2016-03-11 17:55:39','2016-03-11 17:55:39',0,0),(143,1,'asdaasd',0,'889-097-693','0000-00-00 00:00:00','2016-03-11 17:55:39','2016-03-11 17:55:39',0,0),(144,1,'asdaasd',0,'343-249-093','0000-00-00 00:00:00','2016-03-11 17:55:39','2016-03-11 17:55:39',0,0),(145,1,'asdaasd',0,'468-961-057','0000-00-00 00:00:00','2016-03-11 17:55:39','2016-03-11 17:55:39',0,0),(146,1,'asdaasd',0,'287-098-933','0000-00-00 00:00:00','2016-03-11 17:55:39','2016-03-11 17:55:39',0,0),(147,1,'asdaasd',0,'759-291-391','0000-00-00 00:00:00','2016-03-11 17:55:39','2016-03-11 17:55:39',0,0),(148,1,'asdaasd',0,'684-880-667','0000-00-00 00:00:00','2016-03-11 17:55:39','2016-03-11 17:55:39',0,0),(149,1,'asdaasd',0,'593-283-914','0000-00-00 00:00:00','2016-03-11 17:55:39','2016-03-11 17:55:39',0,0),(150,1,'asdaasd',0,'948-396-570','0000-00-00 00:00:00','2016-03-11 17:55:40','2016-03-11 17:55:40',0,0),(151,1,'asdaasd',0,'479-221-167','0000-00-00 00:00:00','2016-03-11 17:55:40','2016-03-11 17:55:40',0,0),(152,1,'asdaasd',0,'551-398-773','0000-00-00 00:00:00','2016-03-11 17:55:40','2016-03-11 17:55:40',0,0),(153,1,'asdaasd',0,'411-659-214','0000-00-00 00:00:00','2016-03-11 17:55:40','2016-03-11 17:55:40',0,0),(154,1,'asdaasd',0,'786-656-192','0000-00-00 00:00:00','2016-03-11 17:55:40','2016-03-11 17:55:40',0,0),(155,1,'asdaasd',0,'381-798-205','0000-00-00 00:00:00','2016-03-11 17:55:40','2016-03-11 17:55:40',0,0),(156,1,'asdaasd',0,'174-188-497','0000-00-00 00:00:00','2016-03-11 17:55:40','2016-03-11 17:55:40',0,0),(157,1,'asdaasd',0,'863-883-661','0000-00-00 00:00:00','2016-03-11 17:55:40','2016-03-11 17:55:40',0,0),(158,1,'asd asd asd',0,'329-343-216','0000-00-00 00:00:00','2016-03-11 18:20:41','2016-03-11 18:20:41',0,0),(159,1,'asdas',0,'54345','0000-00-00 00:00:00','2016-03-11 20:10:11','2016-03-11 20:10:11',0,0),(160,1,'asdas',0,'54345','0000-00-00 00:00:00','2016-03-11 20:10:55','2016-03-11 20:10:55',0,0),(161,1,'hoy hasan',0,'20332424','0000-00-00 00:00:00','2016-03-11 20:12:00','2016-03-11 20:12:00',0,0),(162,1,'097657922',0,'asd','0000-00-00 00:00:00','2016-03-12 22:06:53','2016-03-12 22:06:53',0,0),(163,1,'097657922',0,'asd','0000-00-00 00:00:00','2016-03-12 22:07:01','2016-03-12 22:07:01',0,0),(164,1,'097657922',0,'asd','0000-00-00 00:00:00','2016-03-12 22:07:35','2016-03-12 22:07:35',0,0),(165,1,'097657923',0,'asd','0000-00-00 00:00:00','2016-03-12 22:08:52','2016-03-12 22:08:52',0,0),(166,1,'097657923',0,'asd','0000-00-00 00:00:00','2016-03-12 22:12:47','2016-03-12 22:12:47',0,0),(167,1,'097657923',0,'asd','0000-00-00 00:00:00','2016-03-12 22:13:06','2016-03-12 22:13:06',0,0),(168,1,'097657923',0,'asd','0000-00-00 00:00:00','2016-03-12 22:25:22','2016-03-12 22:25:22',0,0),(169,1,'097657923',0,'asd','0000-00-00 00:00:00','2016-03-12 22:31:45','2016-03-12 22:31:45',0,0),(170,1,'466',0,'asd','0000-00-00 00:00:00','2016-03-12 22:52:01','2016-03-12 22:52:01',0,0),(171,1,'097657923',0,'asd','0000-00-00 00:00:00','2016-03-12 22:52:25','2016-03-12 22:52:25',0,0),(172,1,'097657923',0,'asd','0000-00-00 00:00:00','2016-03-12 22:56:56','2016-03-12 22:56:56',0,0),(173,1,'097657922',0,'asd','0000-00-00 00:00:00','2016-03-12 22:57:16','2016-03-12 22:57:16',0,0),(174,22,'adasdas',0,'1223123123','0000-00-00 00:00:00','2016-03-13 19:29:45','2016-03-13 19:29:45',0,0),(175,1,'09303333333',0,'sasdasdasd','0000-00-00 00:00:00','2016-03-13 23:03:56','2016-03-13 23:03:56',0,0),(176,23,'asd',0,'09123022966','0000-00-00 00:00:00','2016-03-16 18:08:18','2016-03-16 18:08:18',0,0),(177,23,'سلام',0,'09363022966','0000-00-00 00:00:00','2016-03-17 21:23:02','2016-03-17 21:23:02',0,0),(178,23,'سلام',0,'09363022966','0000-00-00 00:00:00','2016-03-17 21:33:21','2016-03-17 21:33:21',0,0),(179,23,'سلام',0,'09363022966','0000-00-00 00:00:00','2016-03-17 21:45:44','2016-03-17 21:45:44',0,0),(180,23,'سلام',0,'09363022966','0000-00-00 00:00:00','2016-03-17 21:46:28','2016-03-17 21:46:28',0,0),(181,23,'سلام',0,'09363022966','0000-00-00 00:00:00','2016-03-17 21:47:15','2016-03-17 21:47:15',0,0),(182,23,'asdasd',0,'09363022966','0000-00-00 00:00:00','2016-03-20 00:26:43','2016-03-20 00:26:43',0,0),(183,23,'ww',0,'09363022966','0000-00-00 00:00:00','2016-03-20 00:27:49','2016-03-20 00:27:49',0,0),(184,1,'097657923',0,'kjl','0000-00-00 00:00:00','2016-03-22 16:29:54','2016-03-22 16:29:54',0,0),(185,1,'097657923',0,'hbkj','0000-00-00 00:00:00','2016-03-22 16:30:10','2016-03-22 16:30:10',0,0),(186,1,'097657923',0,'asd','1970-01-01 03:30:00','2016-03-22 16:33:35','2016-03-22 16:33:35',0,0),(187,1,'097657923',0,'as','2016-03-22 03:30:00','2016-03-22 16:35:35','2016-03-22 16:35:35',0,0),(188,1,'097657922',0,'asd','2016-03-27 22:30:00','2016-03-22 16:36:06','2016-03-22 16:36:06',0,0),(189,1,'097657923',0,'asdas','2016-03-27 22:30:00','2016-03-22 18:33:19','2016-03-22 18:33:19',0,0),(190,1,'097657923',0,'sa','1970-01-01 03:30:00','2016-03-22 18:33:36','2016-03-22 18:33:36',0,0),(191,1,'097657923',0,'asd','0000-00-00 00:00:00','2016-03-22 18:35:32','2016-03-22 18:35:32',0,0),(192,1,'097657923',0,'asd','2016-03-22 02:45:00','2016-03-22 18:36:15','2016-03-22 18:36:15',0,0),(193,1,'097657923',0,'asd','2016-03-22 03:35:00','2016-03-22 18:36:45','2016-03-22 18:36:45',0,0),(194,1,'asdasd',0,'097657923','2016-05-20 02:40:00','2016-03-22 19:04:57','2016-03-22 19:04:57',0,0),(195,1,'asdasd',0,'097657922','2016-05-20 02:40:00','2016-03-22 19:04:57','2016-03-22 19:04:57',0,0),(196,1,'asdasd',0,'466','2016-05-20 02:40:00','2016-03-22 19:04:57','2016-03-22 19:04:57',0,0),(197,1,'asdasd',0,'466','2016-05-20 02:40:00','2016-03-22 19:04:57','2016-03-22 19:04:57',0,0),(198,1,'asdasd',0,'466','2016-05-20 02:40:00','2016-03-22 19:04:57','2016-03-22 19:04:57',0,0),(199,1,'asdasd',0,'466','2016-05-20 02:40:00','2016-03-22 19:04:57','2016-03-22 19:04:57',0,0),(200,1,'asdasd',0,'466','2016-05-20 02:40:00','2016-03-22 19:04:57','2016-03-22 19:04:57',0,0),(201,1,'097657922',0,'asdasd','0000-00-00 00:00:00','2016-03-22 19:16:46','2016-03-22 19:16:46',0,0),(202,1,'asdasd',0,'396-575-168','2016-03-30 03:45:00','2016-03-22 19:25:19','2016-03-22 19:25:19',0,0),(203,1,'asdasd',0,'396-575-168','2016-05-06 03:20:00','2016-03-22 19:36:29','2016-03-22 19:36:29',0,0),(204,1,'asdasd',0,'930-188-657','2016-05-06 03:20:00','2016-03-22 19:36:30','2016-03-22 19:36:30',0,0),(205,1,'asdasd',0,'758-832-593','2016-05-06 03:20:00','2016-03-22 19:36:30','2016-03-22 19:36:30',0,0),(206,1,'asdasd',0,'812-562-516','2016-05-06 03:20:00','2016-03-22 19:36:30','2016-03-22 19:36:30',0,0),(207,1,'asdasd',0,'684-880-667','2016-05-06 03:20:00','2016-03-22 19:36:30','2016-03-22 19:36:30',0,0),(208,1,'7',0,'396-575-168','0000-00-00 00:00:00','2016-03-22 20:42:26','2016-03-22 20:42:26',127,0),(209,1,'7',0,'149-520-964','0000-00-00 00:00:00','2016-03-22 20:42:26','2016-03-22 20:42:26',127,0),(210,1,'7',0,'040-287-744','0000-00-00 00:00:00','2016-03-22 20:42:26','2016-03-22 20:42:26',127,0),(211,1,'7',0,'024-736-593','0000-00-00 00:00:00','2016-03-22 20:42:26','2016-03-22 20:42:26',127,0),(212,1,'7',0,'479-816-326','0000-00-00 00:00:00','2016-03-22 20:42:26','2016-03-22 20:42:26',127,0),(213,1,'7',0,'298-389-723','0000-00-00 00:00:00','2016-03-22 20:42:26','2016-03-22 20:42:26',127,0),(214,1,'7',0,'565-900-707','0000-00-00 00:00:00','2016-03-22 20:42:26','2016-03-22 20:42:26',127,0),(215,1,'7',0,'011-017-903','0000-00-00 00:00:00','2016-03-22 20:42:26','2016-03-22 20:42:26',127,0),(216,1,'7',0,'744-912-765','0000-00-00 00:00:00','2016-03-22 20:42:26','2016-03-22 20:42:26',127,0),(217,1,'7',0,'236-121-091','0000-00-00 00:00:00','2016-03-22 20:42:26','2016-03-22 20:42:26',127,0),(218,1,'7',0,'096-812-332','0000-00-00 00:00:00','2016-03-22 20:42:26','2016-03-22 20:42:26',127,0),(219,1,'7',0,'853-528-474','0000-00-00 00:00:00','2016-03-22 20:42:26','2016-03-22 20:42:26',127,0),(220,1,'7',0,'930-188-657','0000-00-00 00:00:00','2016-03-22 20:42:26','2016-03-22 20:42:26',127,0),(221,1,'7',0,'214-592-899','0000-00-00 00:00:00','2016-03-22 20:42:26','2016-03-22 20:42:26',127,0),(222,1,'7',0,'769-663-622','0000-00-00 00:00:00','2016-03-22 20:42:26','2016-03-22 20:42:26',127,0),(223,1,'7',0,'000-307-696','0000-00-00 00:00:00','2016-03-22 20:42:26','2016-03-22 20:42:26',127,0),(224,1,'7',0,'070-491-036','0000-00-00 00:00:00','2016-03-22 20:42:26','2016-03-22 20:42:26',127,0),(225,1,'7',0,'881-635-192','0000-00-00 00:00:00','2016-03-22 20:42:27','2016-03-22 20:42:27',127,0),(226,1,'7',0,'557-020-614','0000-00-00 00:00:00','2016-03-22 20:42:27','2016-03-22 20:42:27',127,0),(227,1,'7',0,'590-218-200','0000-00-00 00:00:00','2016-03-22 20:42:27','2016-03-22 20:42:27',127,0),(228,1,'7',0,'736-947-047','0000-00-00 00:00:00','2016-03-22 20:42:27','2016-03-22 20:42:27',127,0),(229,1,'7',0,'883-956-166','0000-00-00 00:00:00','2016-03-22 20:42:27','2016-03-22 20:42:27',127,0),(230,1,'7',0,'593-273-891','0000-00-00 00:00:00','2016-03-22 20:42:27','2016-03-22 20:42:27',127,0),(231,1,'7',0,'300-078-284','0000-00-00 00:00:00','2016-03-22 20:42:27','2016-03-22 20:42:27',127,0),(232,1,'7',0,'709-336-256','0000-00-00 00:00:00','2016-03-22 20:42:27','2016-03-22 20:42:27',127,0),(233,1,'7',0,'102-063-359','0000-00-00 00:00:00','2016-03-22 20:42:27','2016-03-22 20:42:27',127,0),(234,1,'7',0,'435-062-083','0000-00-00 00:00:00','2016-03-22 20:42:27','2016-03-22 20:42:27',127,0),(235,1,'7',0,'343-024-820','0000-00-00 00:00:00','2016-03-22 20:42:27','2016-03-22 20:42:27',127,0),(236,1,'7',0,'905-070-840','0000-00-00 00:00:00','2016-03-22 20:42:27','2016-03-22 20:42:27',127,0),(237,1,'asdasd',0,'396-575-168','0000-00-00 00:00:00','2016-03-22 20:43:14','2016-03-22 20:43:14',127,0),(238,1,'asdasd',0,'149-520-964','0000-00-00 00:00:00','2016-03-22 20:43:15','2016-03-22 20:43:15',127,0),(239,1,'asdasd',0,'040-287-744','0000-00-00 00:00:00','2016-03-22 20:43:15','2016-03-22 20:43:15',127,0),(240,1,'asdasd',0,'024-736-593','0000-00-00 00:00:00','2016-03-22 20:43:15','2016-03-22 20:43:15',127,0),(241,1,'asdasd',0,'479-816-326','0000-00-00 00:00:00','2016-03-22 20:43:15','2016-03-22 20:43:15',127,0),(242,1,'asdasd',0,'298-389-723','0000-00-00 00:00:00','2016-03-22 20:43:15','2016-03-22 20:43:15',127,0),(243,1,'asdasd',0,'565-900-707','0000-00-00 00:00:00','2016-03-22 20:43:15','2016-03-22 20:43:15',127,0),(244,1,'asdasd',0,'011-017-903','0000-00-00 00:00:00','2016-03-22 20:43:15','2016-03-22 20:43:15',127,0),(245,1,'asdasd',0,'744-912-765','0000-00-00 00:00:00','2016-03-22 20:43:15','2016-03-22 20:43:15',127,0),(246,1,'asdasd',0,'236-121-091','0000-00-00 00:00:00','2016-03-22 20:43:15','2016-03-22 20:43:15',127,0),(247,1,'asdasd',0,'096-812-332','0000-00-00 00:00:00','2016-03-22 20:43:15','2016-03-22 20:43:15',127,0),(248,1,'asdasd',0,'853-528-474','0000-00-00 00:00:00','2016-03-22 20:43:15','2016-03-22 20:43:15',127,0),(249,1,'asdasd',0,'930-188-657','0000-00-00 00:00:00','2016-03-22 20:43:15','2016-03-22 20:43:15',127,0),(250,1,'asdasd',0,'214-592-899','0000-00-00 00:00:00','2016-03-22 20:43:15','2016-03-22 20:43:15',127,0),(251,1,'asdasd',0,'769-663-622','0000-00-00 00:00:00','2016-03-22 20:43:15','2016-03-22 20:43:15',127,0),(252,1,'asdasd',0,'000-307-696','0000-00-00 00:00:00','2016-03-22 20:43:15','2016-03-22 20:43:15',127,0),(253,1,'asdasd',0,'070-491-036','0000-00-00 00:00:00','2016-03-22 20:43:15','2016-03-22 20:43:15',127,0),(254,1,'asdasd',0,'881-635-192','0000-00-00 00:00:00','2016-03-22 20:43:15','2016-03-22 20:43:15',127,0),(255,1,'asdasd',0,'557-020-614','0000-00-00 00:00:00','2016-03-22 20:43:15','2016-03-22 20:43:15',127,0),(256,1,'asdasd',0,'590-218-200','0000-00-00 00:00:00','2016-03-22 20:43:15','2016-03-22 20:43:15',127,0),(257,1,'asdasd',0,'736-947-047','0000-00-00 00:00:00','2016-03-22 20:43:15','2016-03-22 20:43:15',127,0),(258,1,'asdasd',0,'883-956-166','0000-00-00 00:00:00','2016-03-22 20:43:15','2016-03-22 20:43:15',127,0),(259,1,'asdasd',0,'593-273-891','0000-00-00 00:00:00','2016-03-22 20:43:15','2016-03-22 20:43:15',127,0),(260,1,'asdasd',0,'300-078-284','0000-00-00 00:00:00','2016-03-22 20:43:15','2016-03-22 20:43:15',127,0),(261,1,'asdasd',0,'709-336-256','0000-00-00 00:00:00','2016-03-22 20:43:15','2016-03-22 20:43:15',127,0),(262,1,'asdasd',0,'102-063-359','0000-00-00 00:00:00','2016-03-22 20:43:15','2016-03-22 20:43:15',127,0),(263,1,'asdasd',0,'435-062-083','0000-00-00 00:00:00','2016-03-22 20:43:15','2016-03-22 20:43:15',127,0),(264,1,'asdasd',0,'343-024-820','0000-00-00 00:00:00','2016-03-22 20:43:15','2016-03-22 20:43:15',127,0),(265,1,'asdasd',0,'905-070-840','0000-00-00 00:00:00','2016-03-22 20:43:15','2016-03-22 20:43:15',127,0),(266,1,'asasd',0,'396-575-168','2016-06-13 15:25:00','2016-03-22 20:43:55','2016-03-22 20:43:55',0,0),(267,1,'asasd',0,'149-520-964','2016-06-13 15:25:00','2016-03-22 20:43:55','2016-03-22 20:43:55',0,0),(268,1,'asasd',0,'040-287-744','2016-06-13 15:25:00','2016-03-22 20:43:55','2016-03-22 20:43:55',0,0),(269,1,'asasd',0,'024-736-593','2016-06-13 15:25:00','2016-03-22 20:43:55','2016-03-22 20:43:55',0,0),(270,1,'asasd',0,'479-816-326','2016-06-13 15:25:00','2016-03-22 20:43:55','2016-03-22 20:43:55',0,0),(271,1,'asasd',0,'298-389-723','2016-06-13 15:25:00','2016-03-22 20:43:55','2016-03-22 20:43:55',0,0),(272,1,'asasd',0,'565-900-707','2016-06-13 15:25:00','2016-03-22 20:43:55','2016-03-22 20:43:55',0,0),(273,1,'asasd',0,'011-017-903','2016-06-13 15:25:00','2016-03-22 20:43:55','2016-03-22 20:43:55',0,0),(274,1,'asasd',0,'744-912-765','2016-06-13 15:25:00','2016-03-22 20:43:55','2016-03-22 20:43:55',0,0),(275,1,'asasd',0,'236-121-091','2016-06-13 15:25:00','2016-03-22 20:43:55','2016-03-22 20:43:55',0,0),(276,1,'asasd',0,'096-812-332','2016-06-13 15:25:00','2016-03-22 20:43:55','2016-03-22 20:43:55',0,0),(277,1,'asasd',0,'853-528-474','2016-06-13 15:25:00','2016-03-22 20:43:55','2016-03-22 20:43:55',0,0),(278,1,'asasd',0,'930-188-657','2016-06-13 15:25:00','2016-03-22 20:43:55','2016-03-22 20:43:55',0,0),(279,1,'asasd',0,'214-592-899','2016-06-13 15:25:00','2016-03-22 20:43:55','2016-03-22 20:43:55',0,0),(280,1,'asasd',0,'769-663-622','2016-06-13 15:25:00','2016-03-22 20:43:55','2016-03-22 20:43:55',0,0),(281,1,'asasd',0,'000-307-696','2016-06-13 15:25:00','2016-03-22 20:43:55','2016-03-22 20:43:55',0,0),(282,1,'asasd',0,'070-491-036','2016-06-13 15:25:00','2016-03-22 20:43:55','2016-03-22 20:43:55',0,0),(283,1,'asasd',0,'881-635-192','2016-06-13 15:25:00','2016-03-22 20:43:55','2016-03-22 20:43:55',0,0),(284,1,'asasd',0,'557-020-614','2016-06-13 15:25:00','2016-03-22 20:43:55','2016-03-22 20:43:55',0,0),(285,1,'asasd',0,'590-218-200','2016-06-13 15:25:00','2016-03-22 20:43:55','2016-03-22 20:43:55',0,0),(286,1,'asasd',0,'736-947-047','2016-06-13 15:25:00','2016-03-22 20:43:55','2016-03-22 20:43:55',0,0),(287,1,'asasd',0,'883-956-166','2016-06-13 15:25:00','2016-03-22 20:43:55','2016-03-22 20:43:55',0,0),(288,1,'asasd',0,'593-273-891','2016-06-13 15:25:00','2016-03-22 20:43:55','2016-03-22 20:43:55',0,0),(289,1,'asasd',0,'300-078-284','2016-06-13 15:25:00','2016-03-22 20:43:55','2016-03-22 20:43:55',0,0),(290,1,'asasd',0,'709-336-256','2016-06-13 15:25:00','2016-03-22 20:43:55','2016-03-22 20:43:55',0,0),(291,1,'asasd',0,'102-063-359','2016-06-13 15:25:00','2016-03-22 20:43:55','2016-03-22 20:43:55',0,0),(292,1,'asasd',0,'435-062-083','2016-06-13 15:25:00','2016-03-22 20:43:55','2016-03-22 20:43:55',0,0),(293,1,'asasd',0,'343-024-820','2016-06-13 15:25:00','2016-03-22 20:43:55','2016-03-22 20:43:55',0,0),(294,1,'asasd',0,'905-070-840','2016-06-13 15:25:00','2016-03-22 20:43:55','2016-03-22 20:43:55',0,0),(295,1,'asdasd',0,'040-287-744','2016-03-22 08:40:00','2016-03-22 21:42:01','2016-03-22 21:42:01',0,0),(296,1,'asdasd',0,'024-736-593','2016-03-22 08:40:00','2016-03-22 21:42:01','2016-03-22 21:42:01',0,0),(297,1,'asdasd',0,'479-816-326','2016-03-22 08:40:00','2016-03-22 21:42:01','2016-03-22 21:42:01',0,0),(298,1,'asdasd',0,'298-389-723','2016-03-22 08:40:00','2016-03-22 21:42:01','2016-03-22 21:42:01',0,0),(299,1,'asdasd',0,'744-912-765','2016-03-22 08:40:00','2016-03-22 21:42:01','2016-03-22 21:42:01',0,0),(300,1,'asdasd',0,'096-812-332','2016-03-22 08:40:00','2016-03-22 21:42:01','2016-03-22 21:42:01',0,0),(301,1,'asdasd',0,'853-528-474','2016-03-22 08:40:00','2016-03-22 21:42:01','2016-03-22 21:42:01',0,0),(302,1,'asdasd',0,'214-592-899','2016-03-22 08:40:00','2016-03-22 21:42:01','2016-03-22 21:42:01',0,0),(303,1,'asdasd',0,'769-663-622','2016-03-22 08:40:00','2016-03-22 21:42:01','2016-03-22 21:42:01',0,0),(304,1,'asdasd',0,'070-491-036','2016-03-22 08:40:00','2016-03-22 21:42:01','2016-03-22 21:42:01',0,0),(305,1,'asdasd',0,'557-020-614','2016-03-22 08:40:00','2016-03-22 21:42:01','2016-03-22 21:42:01',0,0),(306,1,'asdasd',0,'593-273-891','2016-03-22 08:40:00','2016-03-22 21:42:01','2016-03-22 21:42:01',0,0),(307,1,'asdasd',0,'300-078-284','2016-03-22 08:40:00','2016-03-22 21:42:01','2016-03-22 21:42:01',0,0),(308,1,'asdasd',0,'709-336-256','2016-03-22 08:40:00','2016-03-22 21:42:01','2016-03-22 21:42:01',0,0),(309,1,'asdasd',0,'102-063-359','2016-03-22 08:40:00','2016-03-22 21:42:01','2016-03-22 21:42:01',0,0),(310,1,'asdasd',0,'207-798-026','2016-03-22 08:40:00','2016-03-22 21:42:01','2016-03-22 21:42:01',0,0),(311,1,'asdasd',0,'275-544-087','2016-03-22 08:40:00','2016-03-22 21:42:01','2016-03-22 21:42:01',0,0),(312,1,'asdasd',0,'024-032-128','2016-03-22 08:40:00','2016-03-22 21:42:01','2016-03-22 21:42:01',0,0),(313,1,'asdasd',0,'515-364-015','2016-03-22 08:40:00','2016-03-22 21:42:01','2016-03-22 21:42:01',0,0),(314,1,'asdasd',0,'468-333-809','2016-03-22 08:40:00','2016-03-22 21:42:01','2016-03-22 21:42:01',0,0),(315,1,'asdasd',0,'497-352-302','2016-03-22 08:40:00','2016-03-22 21:42:02','2016-03-22 21:42:02',0,0),(316,1,'asdasd',0,'603-184-930','2016-03-22 08:40:00','2016-03-22 21:42:02','2016-03-22 21:42:02',0,0),(317,1,'asdasd',0,'797-460-683','2016-03-22 08:40:00','2016-03-22 21:42:02','2016-03-22 21:42:02',0,0),(318,1,'asdasd',0,'530-608-661','2016-03-22 08:40:00','2016-03-22 21:42:02','2016-03-22 21:42:02',0,0),(319,1,'asdasd',0,'416-222-424','2016-03-22 08:40:00','2016-03-22 21:42:02','2016-03-22 21:42:02',0,0),(320,1,'asdasd',0,'466-314-032','2016-03-22 08:40:00','2016-03-22 21:42:02','2016-03-22 21:42:02',0,0),(321,1,'asdasd',0,'933-177-925','2016-03-22 08:40:00','2016-03-22 21:42:02','2016-03-22 21:42:02',0,0),(322,1,'asdasd',0,'955-686-686','2016-03-22 08:40:00','2016-03-22 21:42:02','2016-03-22 21:42:02',0,0),(323,1,'asdasd',0,'193-925-864','2016-03-22 08:40:00','2016-03-22 21:42:02','2016-03-22 21:42:02',0,0),(324,1,'asdasd',0,'061-001-399','2016-03-22 08:40:00','2016-03-22 21:42:02','2016-03-22 21:42:02',0,0),(325,1,'asdasd',0,'456-749-947','2016-03-22 08:40:00','2016-03-22 21:42:02','2016-03-22 21:42:02',0,0),(326,1,'asdasd',0,'329-343-216','2016-03-22 08:40:00','2016-03-22 21:42:02','2016-03-22 21:42:02',0,0),(327,1,'asdasd',0,'538-507-111','2016-03-22 08:40:00','2016-03-22 21:42:02','2016-03-22 21:42:02',0,0),(328,1,'asdasd',0,'889-097-693','2016-03-22 08:40:00','2016-03-22 21:42:02','2016-03-22 21:42:02',0,0),(329,1,'asdasd',0,'343-249-093','2016-03-22 08:40:00','2016-03-22 21:42:02','2016-03-22 21:42:02',0,0),(330,1,'asdasd',0,'468-961-057','2016-03-22 08:40:00','2016-03-22 21:42:02','2016-03-22 21:42:02',0,0),(331,1,'asdasd',0,'287-098-933','2016-03-22 08:40:00','2016-03-22 21:42:02','2016-03-22 21:42:02',0,0),(332,1,'asdasd',0,'759-291-391','2016-03-22 08:40:00','2016-03-22 21:42:02','2016-03-22 21:42:02',0,0),(333,1,'asdasd',0,'684-880-667','2016-03-22 08:40:00','2016-03-22 21:42:02','2016-03-22 21:42:02',0,0),(334,1,'asdasd',0,'593-283-914','2016-03-22 08:40:00','2016-03-22 21:42:02','2016-03-22 21:42:02',0,0),(335,1,'asdasd',0,'948-396-570','2016-03-22 08:40:00','2016-03-22 21:42:02','2016-03-22 21:42:02',0,0),(336,1,'asdasd',0,'479-221-167','2016-03-22 08:40:00','2016-03-22 21:42:02','2016-03-22 21:42:02',0,0),(337,1,'asdasd',0,'551-398-773','2016-03-22 08:40:00','2016-03-22 21:42:02','2016-03-22 21:42:02',0,0),(338,1,'asdasd',0,'411-659-214','2016-03-22 08:40:00','2016-03-22 21:42:02','2016-03-22 21:42:02',0,0),(339,1,'asdasd',0,'786-656-192','2016-03-22 08:40:00','2016-03-22 21:42:02','2016-03-22 21:42:02',0,0),(340,1,'asdasd',0,'381-798-205','2016-03-22 08:40:00','2016-03-22 21:42:02','2016-03-22 21:42:02',0,0),(341,1,'asdasd',0,'174-188-497','2016-03-22 08:40:00','2016-03-22 21:42:02','2016-03-22 21:42:02',0,0),(342,1,'asdasd',0,'863-883-661','2016-03-22 08:40:00','2016-03-22 21:42:02','2016-03-22 21:42:02',0,0),(343,1,'asdasdasd',0,'744-912-765','2021-03-12 04:40:00','2016-03-22 21:50:34','2016-03-22 21:50:34',0,0),(344,1,'asdasdasd',0,'515-364-015','2021-03-12 04:40:00','2016-03-22 21:50:34','2016-03-22 21:50:34',0,0),(345,1,'asdasdasd',0,'684-880-667','2021-03-12 04:40:00','2016-03-22 21:50:34','2016-03-22 21:50:34',0,0),(346,1,'asasd',0,'20312412','2016-03-26 05:45:00','2016-03-22 21:55:29','2016-03-22 21:55:29',0,0),(347,1,'097657923',0,'asd','0000-00-00 00:00:00','2016-03-24 13:39:02','2016-03-24 13:39:02',0,0),(348,1,'097657923',0,'asd','2016-03-24 03:45:00','2016-03-24 13:39:06','2016-03-24 13:39:06',0,0),(349,1,'097657923',0,'asd','0000-00-00 00:00:00','2016-03-24 20:47:54','2016-03-24 20:47:54',0,0),(350,1,'097657923',0,'asd','0000-00-00 00:00:00','2016-03-24 21:00:19','2016-03-24 21:00:19',0,0),(351,1,'097657923',0,'asd','0000-00-00 00:00:00','2016-03-24 21:01:35','2016-03-24 21:01:35',0,0),(352,1,'097657923',0,'asd','0000-00-00 00:00:00','2016-03-24 21:02:32','2016-03-24 21:02:32',0,0),(353,1,'asd',0,'097657923','0000-00-00 00:00:00','2016-03-24 21:04:07','2016-03-24 21:04:07',0,0),(354,1,'asd',0,'097657923','0000-00-00 00:00:00','2016-03-24 21:06:33','2016-03-24 21:06:33',0,0),(355,1,'asd',0,'097657923','0000-00-00 00:00:00','2016-03-24 21:07:29','2016-03-24 21:07:29',0,0),(356,1,'asd',0,'097657923','0000-00-00 00:00:00','2016-03-24 21:07:49','2016-03-24 21:07:49',0,0),(357,1,'asd',0,'097657923','0000-00-00 00:00:00','2016-03-25 02:43:02','2016-03-25 02:43:02',0,0),(358,1,'asd',0,'097657923','0000-00-00 00:00:00','2016-03-25 03:14:40','2016-03-25 03:14:40',0,0),(359,1,'asdasd',0,'097657923','0000-00-00 00:00:00','2016-03-25 03:15:17','2016-03-25 03:15:17',0,0),(360,1,'dasdasd',0,'097657923','0000-00-00 00:00:00','2016-03-25 04:34:48','2016-03-25 04:34:48',0,0),(361,1,'asd',0,'097657922','0000-00-00 00:00:00','2016-03-25 04:35:22','2016-03-25 04:35:22',0,0),(362,1,'asd',0,'466','0000-00-00 00:00:00','2016-03-25 04:37:10','2016-03-25 04:37:10',0,0),(363,1,'asd',0,'466','0000-00-00 00:00:00','2016-03-25 04:37:42','2016-03-25 04:37:42',0,0),(364,1,'asd',0,'466','0000-00-00 00:00:00','2016-03-25 04:39:00','2016-03-25 04:39:00',0,0),(365,1,'asd',0,'466','0000-00-00 00:00:00','2016-03-25 04:39:16','2016-03-25 04:39:16',0,0),(366,1,'asd',0,'466','0000-00-00 00:00:00','2016-03-25 04:40:15','2016-03-25 04:40:15',0,0),(367,1,'asd',0,'466','0000-00-00 00:00:00','2016-03-25 04:40:56','2016-03-25 04:40:56',0,0),(368,1,'asd',0,'466','0000-00-00 00:00:00','2016-03-25 04:41:18','2016-03-25 04:41:18',0,0),(369,1,'asd',0,'466','0000-00-00 00:00:00','2016-03-25 04:41:36','2016-03-25 04:41:36',0,0),(370,1,'asd',0,'466','0000-00-00 00:00:00','2016-03-25 04:42:09','2016-03-25 04:42:09',0,0),(371,1,'asd',0,'466','0000-00-00 00:00:00','2016-03-25 04:43:22','2016-03-25 04:43:22',0,0),(372,1,'asd',0,'466','0000-00-00 00:00:00','2016-03-25 04:43:35','2016-03-25 04:43:35',0,0),(373,1,'asd',0,'466','0000-00-00 00:00:00','2016-03-25 04:44:10','2016-03-25 04:44:10',0,0),(374,1,'asd',0,'466','0000-00-00 00:00:00','2016-03-25 04:44:27','2016-03-25 04:44:27',0,0),(375,1,'asd',0,'466','0000-00-00 00:00:00','2016-03-25 04:44:59','2016-03-25 04:44:59',0,0),(376,1,'asd',0,'466','0000-00-00 00:00:00','2016-03-25 04:45:22','2016-03-25 04:45:22',0,0),(377,1,'asd',0,'466','0000-00-00 00:00:00','2016-03-25 04:47:13','2016-03-25 04:47:13',0,0),(378,1,'asd',0,'466','0000-00-00 00:00:00','2016-03-25 04:47:51','2016-03-25 04:47:51',0,0),(379,1,'asd',0,'466','0000-00-00 00:00:00','2016-03-25 04:48:05','2016-03-25 04:48:05',0,0),(380,1,'asd',0,'466','0000-00-00 00:00:00','2016-03-25 04:50:29','2016-03-25 04:50:29',0,0),(381,1,'asd',0,'466','0000-00-00 00:00:00','2016-03-25 04:50:40','2016-03-25 04:50:40',0,0),(382,1,'asd',0,'466','0000-00-00 00:00:00','2016-03-25 04:53:41','2016-03-25 04:53:41',0,0),(383,1,'asd',0,'466','0000-00-00 00:00:00','2016-03-25 04:55:05','2016-03-25 04:55:05',0,0),(384,1,'asd',0,'466','0000-00-00 00:00:00','2016-03-25 04:55:50','2016-03-25 04:55:50',0,0),(385,1,'asd',0,'466','0000-00-00 00:00:00','2016-03-25 04:56:04','2016-03-25 04:56:04',0,0),(386,1,'asd',0,'466','0000-00-00 00:00:00','2016-03-25 04:56:21','2016-03-25 04:56:21',0,0),(387,1,'asd',0,'466','0000-00-00 00:00:00','2016-03-25 04:56:37','2016-03-25 04:56:37',0,0),(388,1,'asd',0,'466','0000-00-00 00:00:00','2016-03-25 05:02:05','2016-03-25 05:02:05',0,0),(389,1,'asd',0,'466','0000-00-00 00:00:00','2016-03-25 05:02:59','2016-03-25 05:02:59',0,0),(390,1,'asd',0,'466','0000-00-00 00:00:00','2016-03-25 05:04:01','2016-03-25 05:04:01',0,0),(391,1,'asd',0,'466','0000-00-00 00:00:00','2016-03-25 05:04:19','2016-03-25 05:04:19',0,0),(392,1,'asd',0,'466','0000-00-00 00:00:00','2016-03-25 05:04:44','2016-03-25 05:04:44',0,0),(393,1,'asd',0,'466','0000-00-00 00:00:00','2016-03-25 05:07:24','2016-03-25 05:07:24',0,0),(394,1,'asd',0,'466','0000-00-00 00:00:00','2016-03-25 05:07:55','2016-03-25 05:07:55',0,0),(395,1,'asd',0,'466','0000-00-00 00:00:00','2016-03-25 05:08:11','2016-03-25 05:08:11',0,0),(396,1,'asd',0,'466','0000-00-00 00:00:00','2016-03-25 05:09:05','2016-03-25 05:09:05',0,0),(397,1,'asd',0,'466','0000-00-00 00:00:00','2016-03-25 05:09:39','2016-03-25 05:09:39',0,0),(398,1,'asd',0,'466','0000-00-00 00:00:00','2016-03-25 05:10:31','2016-03-25 05:10:31',0,0),(399,1,'asd',0,'466','0000-00-00 00:00:00','2016-03-25 05:11:34','2016-03-25 05:11:34',0,0),(400,1,'asdasd',0,'09379010826','0000-00-00 00:00:00','2016-03-25 22:55:53','2016-03-25 22:55:53',0,0),(401,1,'asdasd',0,'09379010826','0000-00-00 00:00:00','2016-03-25 22:57:00','2016-03-25 22:57:00',0,0),(402,1,'asdasd',0,'09379010826','0000-00-00 00:00:00','2016-03-25 22:57:27','2016-03-25 22:57:27',0,0),(403,1,'asdasd',0,'09379010826','0000-00-00 00:00:00','2016-03-25 22:58:09','2016-03-25 22:58:09',0,0),(404,1,'asdasd',0,'09379010826','0000-00-00 00:00:00','2016-03-25 22:58:26','2016-03-25 22:58:26',0,0),(405,1,'asdasd',0,'09379010826','0000-00-00 00:00:00','2016-03-25 22:58:47','2016-03-25 22:58:47',0,0),(406,1,'asdasd',1,'09379010826','0000-00-00 00:00:00','2016-03-25 22:59:24','2016-03-25 18:29:24',0,0),(407,1,'asd',1,'097657923','0000-00-00 00:00:00','2016-03-25 23:00:38','2016-03-25 18:30:39',0,0),(408,1,'asd',0,'097657923','0000-00-00 00:00:00','2016-03-25 23:01:14','2016-03-25 23:01:14',0,0),(409,1,'asd',0,'097657923','0000-00-00 00:00:00','2016-03-25 23:01:58','2016-03-25 23:01:58',0,0),(410,1,'asd',0,'097657923','0000-00-00 00:00:00','2016-03-25 23:02:49','2016-03-25 23:02:49',0,0),(411,1,'asd',0,'097657923','0000-00-00 00:00:00','2016-03-25 23:03:47','2016-03-25 23:03:47',0,0),(412,1,'asd',0,'097657923','0000-00-00 00:00:00','2016-03-25 23:03:57','2016-03-25 23:03:57',0,0),(413,1,'head',1,'09379010826','0000-00-00 00:00:00','2016-03-25 23:05:26','2016-03-25 18:35:27',0,0),(414,1,'sda',0,'09379010826','0000-00-00 00:00:00','2016-03-25 23:06:11','2016-03-25 23:06:11',0,0),(415,1,'sdasda',0,'09379010826','0000-00-00 00:00:00','2016-03-25 23:10:02','2016-03-25 23:10:02',0,0),(416,1,'sdasda',1,'09379010826','0000-00-00 00:00:00','2016-03-25 23:10:17','2016-03-25 18:41:11',0,0),(417,1,'asdasd',1,'097657923','0000-00-00 00:00:00','2016-03-25 23:12:13','2016-03-25 18:42:18',0,0),(418,1,'asd',1,'097657923','0000-00-00 00:00:00','2016-03-25 23:12:48','2016-03-25 18:42:48',0,0),(419,1,'asd',0,'097657922','0000-00-00 00:00:00','2016-03-25 23:13:04','2016-03-25 23:13:04',0,0),(420,1,'asd',0,'097657922','0000-00-00 00:00:00','2016-03-25 23:13:44','2016-03-25 23:13:44',0,0),(421,1,'asd',1,'097657922','0000-00-00 00:00:00','2016-03-25 23:13:55','2016-03-25 18:43:56',0,0),(422,1,'bhkb',1,'097657923','0000-00-00 00:00:00','2016-03-25 23:14:25','2016-03-25 18:44:25',0,0),(423,1,'asd',0,'097657923','0000-00-00 00:00:00','2016-03-25 23:14:51','2016-03-25 23:14:51',0,0),(424,1,'asd',0,'097657923','0000-00-00 00:00:00','2016-03-25 23:14:54','2016-03-25 23:14:54',0,0),(425,1,'asd',0,'097657923','0000-00-00 00:00:00','2016-03-25 23:15:08','2016-03-25 23:15:08',0,0),(426,1,'asd',0,'097657923','0000-00-00 00:00:00','2016-03-25 23:15:35','2016-03-25 23:15:35',0,0),(427,1,'asd',0,'097657923','0000-00-00 00:00:00','2016-03-25 23:15:44','2016-03-25 23:15:44',0,0),(428,1,'asd',-10,'097657923','0000-00-00 00:00:00','2016-03-25 23:16:54','2016-03-25 18:46:54',0,0),(429,1,'sad',0,'097657923','0000-00-00 00:00:00','2016-03-26 00:11:24','2016-03-26 00:11:24',0,0),(430,1,'asd',0,'097657923','0000-00-00 00:00:00','2016-03-26 00:12:45','2016-03-26 00:12:45',0,0),(431,1,'asd',0,'097657923','0000-00-00 00:00:00','2016-03-26 00:13:29','2016-03-26 00:13:29',0,0),(432,1,'asd',-10,'097657923','0000-00-00 00:00:00','2016-03-26 00:14:02','2016-03-25 19:44:03',0,0),(433,1,'asd',0,'097657923','0000-00-00 00:00:00','2016-03-26 00:47:30','2016-03-26 00:47:30',0,0),(434,1,'asd',0,'097657923','0000-00-00 00:00:00','2016-03-26 00:48:12','2016-03-26 00:48:12',0,0),(435,1,'asd',0,'097657923','0000-00-00 00:00:00','2016-03-26 00:48:53','2016-03-26 00:48:53',0,0),(436,1,'asd',0,'097657923','2016-03-31 06:30:00','2016-03-26 00:50:33','2016-03-26 00:50:33',0,0),(437,1,'asd',0,'097657923','2016-03-31 06:30:00','2016-03-26 00:50:52','2016-03-26 00:50:52',0,0),(438,1,'asd',0,'09379010826','0000-00-00 00:00:00','2016-03-27 19:44:08','2016-03-27 19:44:08',0,0),(439,1,'asd',0,'09379010826','0000-00-00 00:00:00','2016-03-27 19:46:42','2016-03-27 19:46:42',0,0),(440,1,'asd',0,'09379010826','0000-00-00 00:00:00','2016-03-27 19:47:08','2016-03-27 19:47:08',0,0),(441,1,'asd',0,'09379010826','0000-00-00 00:00:00','2016-03-27 19:47:55','2016-03-27 19:47:55',0,0),(442,1,'asd',0,'09379010826','0000-00-00 00:00:00','2016-03-27 19:48:31','2016-03-27 19:48:31',0,0),(443,1,'asd',0,'09379010826','0000-00-00 00:00:00','2016-03-27 19:48:44','2016-03-27 19:48:44',0,0),(444,1,'asd',0,'09379010826','0000-00-00 00:00:00','2016-03-27 19:49:10','2016-03-27 19:49:10',0,0),(445,1,'asd',0,'09379010826','0000-00-00 00:00:00','2016-03-27 19:49:24','2016-03-27 19:49:24',0,0),(446,1,'asd',0,'09379010826','0000-00-00 00:00:00','2016-03-27 19:49:43','2016-03-27 19:49:43',0,0),(447,1,'asd',0,'09379010826','0000-00-00 00:00:00','2016-03-27 19:51:54','2016-03-27 19:51:54',0,0),(448,1,'asd',0,'09379010826','0000-00-00 00:00:00','2016-03-27 19:52:19','2016-03-27 19:52:19',0,0),(449,1,'asd',-10,'09379010826','0000-00-00 00:00:00','2016-03-27 19:52:45','2016-03-27 15:25:16',0,0),(450,1,'asd',0,'097657923','0000-00-00 00:00:00','2016-03-27 19:53:21','2016-03-27 19:53:21',0,0),(451,1,'asd',0,'097657922','0000-00-00 00:00:00','2016-03-27 19:53:22','2016-03-27 19:53:22',0,0),(452,1,'asd',0,'466','0000-00-00 00:00:00','2016-03-27 19:53:22','2016-03-27 19:53:22',0,0),(453,1,'asd',0,'466','0000-00-00 00:00:00','2016-03-27 19:53:23','2016-03-27 19:53:23',0,0),(454,1,'asd',0,'466','0000-00-00 00:00:00','2016-03-27 19:53:23','2016-03-27 19:53:23',0,0),(455,1,'asd',0,'466','0000-00-00 00:00:00','2016-03-27 19:53:23','2016-03-27 19:53:23',0,0),(456,1,'asd',0,'466','0000-00-00 00:00:00','2016-03-27 19:53:24','2016-03-27 19:53:24',0,0),(457,1,'asd',0,'09379010826','0000-00-00 00:00:00','2016-03-27 19:53:25','2016-03-27 19:53:25',0,0),(458,1,'sallam',-10,'09379010826','0000-00-00 00:00:00','2016-03-27 19:53:58','2016-03-27 15:24:20',0,0),(459,1,'asd',-10,'09379010826','0000-00-00 00:00:00','2016-03-27 19:57:30','2016-03-27 15:27:36',0,0),(460,1,'asd',-10,'09379010826','0000-00-00 00:00:00','2016-03-27 19:59:21','2016-03-27 15:29:29',0,0),(461,1,'sallam',-10,'09379010826','0000-00-00 00:00:00','2016-03-27 20:00:14','2016-03-27 15:30:22',0,0),(462,1,'sda',0,'09379010826','0000-00-00 00:00:00','2016-03-27 20:04:14','2016-03-27 20:04:14',0,0),(463,1,'asd',0,'396-575-168','2016-03-29 03:45:00','2016-03-27 20:35:14','2016-03-27 20:35:14',0,0),(464,1,'ads',0,'396-575-168','2016-03-29 03:45:00','2016-03-27 20:46:10','2016-03-27 20:46:10',0,0),(465,1,'ads',0,'930-188-657','2016-03-29 03:45:00','2016-03-27 20:46:11','2016-03-27 20:46:11',0,0),(466,1,'ads',0,'758-832-593','2016-03-29 03:45:00','2016-03-27 20:46:11','2016-03-27 20:46:11',0,0),(467,1,'ads',0,'812-562-516','2016-03-29 03:45:00','2016-03-27 20:46:11','2016-03-27 20:46:11',0,0),(468,1,'ads',0,'684-880-667','2016-03-29 03:45:00','2016-03-27 20:46:12','2016-03-27 20:46:12',0,0),(469,1,'asd',0,'396-575-168','2016-03-29 03:45:00','2016-03-27 20:46:46','2016-03-27 20:46:46',0,0),(470,1,'asd',0,'930-188-657','2016-03-29 03:45:00','2016-03-27 20:46:47','2016-03-27 20:46:47',0,0),(471,1,'asd',0,'758-832-593','2016-03-29 03:45:00','2016-03-27 20:46:47','2016-03-27 20:46:47',0,0),(472,1,'asd',0,'812-562-516','2016-03-29 03:45:00','2016-03-27 20:46:47','2016-03-27 20:46:47',0,0),(473,1,'asd',0,'684-880-667','2016-03-29 03:45:00','2016-03-27 20:46:48','2016-03-27 20:46:48',0,0),(474,1,'sd',0,'396-575-168','2016-03-30 05:45:00','2016-03-27 21:00:27','2016-03-27 21:00:27',0,0),(475,1,'sd',0,'930-188-657','2016-03-30 05:45:00','2016-03-27 21:00:28','2016-03-27 21:00:28',0,0),(476,1,'sd',0,'758-832-593','2016-03-30 05:45:00','2016-03-27 21:00:28','2016-03-27 21:00:28',0,0),(477,1,'sd',0,'812-562-516','2016-03-30 05:45:00','2016-03-27 21:00:29','2016-03-27 21:00:29',0,0),(478,1,'sd',0,'684-880-667','2016-03-30 05:45:00','2016-03-27 21:00:29','2016-03-27 21:00:29',0,0),(479,1,'asd',0,'396-575-168','0000-00-00 00:00:00','2016-03-27 21:00:49','2016-03-27 21:00:49',0,0),(480,1,'asd',0,'930-188-657','0000-00-00 00:00:00','2016-03-27 21:00:50','2016-03-27 21:00:50',0,0),(481,1,'asd',0,'758-832-593','0000-00-00 00:00:00','2016-03-27 21:00:50','2016-03-27 21:00:50',0,0),(482,1,'asd',0,'812-562-516','0000-00-00 00:00:00','2016-03-27 21:00:50','2016-03-27 21:00:50',0,0),(483,1,'asd',0,'684-880-667','0000-00-00 00:00:00','2016-03-27 21:00:51','2016-03-27 21:00:51',0,0),(484,1,'asd',0,'09379010826','0000-00-00 00:00:00','2016-03-27 21:04:45','2016-03-27 21:04:45',0,0),(485,1,'asd',0,'396-575-168','0000-00-00 00:00:00','2016-03-27 21:08:35','2016-03-27 21:08:35',0,0),(486,1,'asd',0,'149-520-964','0000-00-00 00:00:00','2016-03-27 21:08:36','2016-03-27 21:08:36',0,0),(487,1,'asd',0,'040-287-744','0000-00-00 00:00:00','2016-03-27 21:08:36','2016-03-27 21:08:36',0,0),(488,1,'asd',0,'024-736-593','0000-00-00 00:00:00','2016-03-27 21:08:37','2016-03-27 21:08:37',0,0),(489,1,'asd',0,'479-816-326','0000-00-00 00:00:00','2016-03-27 21:08:37','2016-03-27 21:08:37',0,0),(490,1,'asd',0,'298-389-723','0000-00-00 00:00:00','2016-03-27 21:08:37','2016-03-27 21:08:37',0,0),(491,1,'asd',0,'565-900-707','0000-00-00 00:00:00','2016-03-27 21:08:38','2016-03-27 21:08:38',0,0),(492,1,'asd',0,'011-017-903','0000-00-00 00:00:00','2016-03-27 21:08:38','2016-03-27 21:08:38',0,0),(493,1,'asd',0,'744-912-765','0000-00-00 00:00:00','2016-03-27 21:08:39','2016-03-27 21:08:39',0,0),(494,1,'asd',0,'236-121-091','0000-00-00 00:00:00','2016-03-27 21:08:39','2016-03-27 21:08:39',0,0),(495,1,'asd',0,'096-812-332','0000-00-00 00:00:00','2016-03-27 21:08:39','2016-03-27 21:08:39',0,0),(496,1,'asd',0,'853-528-474','0000-00-00 00:00:00','2016-03-27 21:08:40','2016-03-27 21:08:40',0,0),(497,1,'asd',0,'930-188-657','0000-00-00 00:00:00','2016-03-27 21:08:40','2016-03-27 21:08:40',0,0),(498,1,'asd',0,'214-592-899','0000-00-00 00:00:00','2016-03-27 21:08:40','2016-03-27 21:08:40',0,0),(499,1,'asd',0,'769-663-622','0000-00-00 00:00:00','2016-03-27 21:08:41','2016-03-27 21:08:41',0,0),(500,1,'asd',0,'000-307-696','0000-00-00 00:00:00','2016-03-27 21:08:42','2016-03-27 21:08:42',0,0),(501,1,'asd',0,'070-491-036','0000-00-00 00:00:00','2016-03-27 21:08:42','2016-03-27 21:08:42',0,0),(502,1,'asd',0,'881-635-192','0000-00-00 00:00:00','2016-03-27 21:08:42','2016-03-27 21:08:42',0,0),(503,1,'asd',0,'557-020-614','0000-00-00 00:00:00','2016-03-27 21:08:43','2016-03-27 21:08:43',0,0),(504,1,'asd',0,'590-218-200','0000-00-00 00:00:00','2016-03-27 21:08:43','2016-03-27 21:08:43',0,0),(505,1,'asd',0,'736-947-047','0000-00-00 00:00:00','2016-03-27 21:08:43','2016-03-27 21:08:43',0,0),(506,1,'asd',0,'883-956-166','0000-00-00 00:00:00','2016-03-27 21:08:44','2016-03-27 21:08:44',0,0),(507,1,'asd',0,'593-273-891','0000-00-00 00:00:00','2016-03-27 21:08:45','2016-03-27 21:08:45',0,0),(508,1,'asd',0,'300-078-284','0000-00-00 00:00:00','2016-03-27 21:08:45','2016-03-27 21:08:45',0,0),(509,1,'asd',0,'709-336-256','0000-00-00 00:00:00','2016-03-27 21:08:45','2016-03-27 21:08:45',0,0),(510,1,'asd',0,'102-063-359','0000-00-00 00:00:00','2016-03-27 21:08:46','2016-03-27 21:08:46',0,0),(511,1,'asd',0,'435-062-083','0000-00-00 00:00:00','2016-03-27 21:08:46','2016-03-27 21:08:46',0,0),(512,1,'asd',0,'343-024-820','0000-00-00 00:00:00','2016-03-27 21:08:46','2016-03-27 21:08:46',0,0),(513,1,'asd',0,'905-070-840','0000-00-00 00:00:00','2016-03-27 21:08:47','2016-03-27 21:08:47',0,0),(514,1,'hello',0,'040-287-744','0000-00-00 00:00:00','2016-03-27 21:11:46','2016-03-27 21:11:46',0,0),(515,1,'hello',0,'024-736-593','0000-00-00 00:00:00','2016-03-27 21:11:47','2016-03-27 21:11:47',0,0),(516,1,'hello',0,'479-816-326','0000-00-00 00:00:00','2016-03-27 21:11:48','2016-03-27 21:11:48',0,0),(517,1,'hello',0,'298-389-723','0000-00-00 00:00:00','2016-03-27 21:11:48','2016-03-27 21:11:48',0,0),(518,1,'hello',0,'744-912-765','0000-00-00 00:00:00','2016-03-27 21:11:49','2016-03-27 21:11:49',0,0),(519,1,'hello',0,'096-812-332','0000-00-00 00:00:00','2016-03-27 21:11:50','2016-03-27 21:11:50',0,0),(520,1,'hello',0,'853-528-474','0000-00-00 00:00:00','2016-03-27 21:11:50','2016-03-27 21:11:50',0,0),(521,1,'hello',0,'214-592-899','0000-00-00 00:00:00','2016-03-27 21:11:50','2016-03-27 21:11:50',0,0),(522,1,'hello',0,'769-663-622','0000-00-00 00:00:00','2016-03-27 21:11:51','2016-03-27 21:11:51',0,0),(523,1,'hello',0,'070-491-036','0000-00-00 00:00:00','2016-03-27 21:11:51','2016-03-27 21:11:51',0,0),(524,1,'hello',0,'557-020-614','0000-00-00 00:00:00','2016-03-27 21:11:51','2016-03-27 21:11:51',0,0),(525,1,'hello',0,'593-273-891','0000-00-00 00:00:00','2016-03-27 21:11:52','2016-03-27 21:11:52',0,0),(526,1,'hello',0,'300-078-284','0000-00-00 00:00:00','2016-03-27 21:11:52','2016-03-27 21:11:52',0,0),(527,1,'hello',0,'709-336-256','0000-00-00 00:00:00','2016-03-27 21:11:53','2016-03-27 21:11:53',0,0),(528,1,'hello',0,'102-063-359','0000-00-00 00:00:00','2016-03-27 21:11:53','2016-03-27 21:11:53',0,0),(529,1,'hello',0,'207-798-026','0000-00-00 00:00:00','2016-03-27 21:11:53','2016-03-27 21:11:53',0,0),(530,1,'hello',0,'275-544-087','0000-00-00 00:00:00','2016-03-27 21:11:54','2016-03-27 21:11:54',0,0),(531,1,'hello',0,'024-032-128','0000-00-00 00:00:00','2016-03-27 21:11:54','2016-03-27 21:11:54',0,0),(532,1,'hello',0,'515-364-015','0000-00-00 00:00:00','2016-03-27 21:11:54','2016-03-27 21:11:54',0,0),(533,1,'hello',0,'468-333-809','0000-00-00 00:00:00','2016-03-27 21:11:55','2016-03-27 21:11:55',0,0),(534,1,'hello',0,'497-352-302','0000-00-00 00:00:00','2016-03-27 21:11:56','2016-03-27 21:11:56',0,0),(535,1,'hello',0,'603-184-930','0000-00-00 00:00:00','2016-03-27 21:11:56','2016-03-27 21:11:56',0,0),(536,1,'hello',0,'797-460-683','0000-00-00 00:00:00','2016-03-27 21:11:56','2016-03-27 21:11:56',0,0),(537,1,'hello',0,'530-608-661','0000-00-00 00:00:00','2016-03-27 21:11:57','2016-03-27 21:11:57',0,0),(538,1,'hello',0,'416-222-424','0000-00-00 00:00:00','2016-03-27 21:11:57','2016-03-27 21:11:57',0,0),(539,1,'hello',0,'466-314-032','0000-00-00 00:00:00','2016-03-27 21:11:57','2016-03-27 21:11:57',0,0),(540,1,'hello',0,'933-177-925','0000-00-00 00:00:00','2016-03-27 21:11:58','2016-03-27 21:11:58',0,0),(541,1,'hello',0,'955-686-686','0000-00-00 00:00:00','2016-03-27 21:11:58','2016-03-27 21:11:58',0,0),(542,1,'hello',0,'193-925-864','0000-00-00 00:00:00','2016-03-27 21:11:59','2016-03-27 21:11:59',0,0),(543,1,'hello',0,'061-001-399','0000-00-00 00:00:00','2016-03-27 21:11:59','2016-03-27 21:11:59',0,0),(544,1,'hello',0,'456-749-947','0000-00-00 00:00:00','2016-03-27 21:11:59','2016-03-27 21:11:59',0,0),(545,1,'hello',0,'329-343-216','0000-00-00 00:00:00','2016-03-27 21:12:00','2016-03-27 21:12:00',0,0),(546,1,'hello',0,'538-507-111','0000-00-00 00:00:00','2016-03-27 21:12:00','2016-03-27 21:12:00',0,0),(547,1,'hello',0,'889-097-693','0000-00-00 00:00:00','2016-03-27 21:12:00','2016-03-27 21:12:00',0,0),(548,1,'hello',0,'343-249-093','0000-00-00 00:00:00','2016-03-27 21:12:01','2016-03-27 21:12:01',0,0),(549,1,'hello',0,'468-961-057','0000-00-00 00:00:00','2016-03-27 21:12:02','2016-03-27 21:12:02',0,0),(550,1,'hello',0,'287-098-933','0000-00-00 00:00:00','2016-03-27 21:12:02','2016-03-27 21:12:02',0,0),(551,1,'hello',0,'759-291-391','0000-00-00 00:00:00','2016-03-27 21:12:02','2016-03-27 21:12:02',0,0),(552,1,'hello',0,'684-880-667','0000-00-00 00:00:00','2016-03-27 21:12:03','2016-03-27 21:12:03',0,0),(553,1,'hello',0,'593-283-914','0000-00-00 00:00:00','2016-03-27 21:12:03','2016-03-27 21:12:03',0,0),(554,1,'hello',0,'948-396-570','0000-00-00 00:00:00','2016-03-27 21:12:04','2016-03-27 21:12:04',0,0),(555,1,'hello',0,'479-221-167','0000-00-00 00:00:00','2016-03-27 21:12:05','2016-03-27 21:12:05',0,0),(556,1,'hello',0,'551-398-773','0000-00-00 00:00:00','2016-03-27 21:12:06','2016-03-27 21:12:06',0,0),(557,1,'hello',0,'411-659-214','0000-00-00 00:00:00','2016-03-27 21:12:06','2016-03-27 21:12:06',0,0),(558,1,'hello',0,'786-656-192','0000-00-00 00:00:00','2016-03-27 21:12:06','2016-03-27 21:12:06',0,0),(559,1,'hello',0,'381-798-205','0000-00-00 00:00:00','2016-03-27 21:12:07','2016-03-27 21:12:07',0,0),(560,1,'hello',0,'174-188-497','0000-00-00 00:00:00','2016-03-27 21:12:08','2016-03-27 21:12:08',0,0),(561,1,'hello',0,'863-883-661','0000-00-00 00:00:00','2016-03-27 21:12:08','2016-03-27 21:12:08',0,0),(562,1,'asd',0,'396-575-168','0000-00-00 00:00:00','2016-03-27 21:22:32','2016-03-27 21:22:32',0,0),(563,1,'asd',0,'724-595-882','0000-00-00 00:00:00','2016-03-27 21:35:52','2016-03-27 21:35:52',0,0),(564,1,'asd',0,'051-199-253','0000-00-00 00:00:00','2016-03-27 21:35:53','2016-03-27 21:35:53',0,0),(565,1,'asd',0,'759-291-391','0000-00-00 00:00:00','2016-03-27 21:35:53','2016-03-27 21:35:53',0,0),(566,1,'sd',0,'2032124144','0000-00-00 00:00:00','2016-03-27 21:47:09','2016-03-27 21:47:09',0,0),(567,1,'sd',0,'2032124144','0000-00-00 00:00:00','2016-03-27 21:47:58','2016-03-27 21:47:58',0,0),(568,1,'asd',0,'201212312','0000-00-00 00:00:00','2016-03-27 21:48:30','2016-03-27 21:48:30',0,0),(569,1,'asd',0,'201212312','0000-00-00 00:00:00','2016-03-27 21:52:19','2016-03-27 21:52:19',0,0),(570,1,'asd',0,'201212312','0000-00-00 00:00:00','2016-03-27 21:53:42','2016-03-27 21:53:42',0,0),(571,1,'asd',0,'2023123','0000-00-00 00:00:00','2016-03-27 22:17:51','2016-03-27 22:17:51',0,0),(572,1,'asd',0,'202123','0000-00-00 00:00:00','2016-03-27 22:22:10','2016-03-27 22:22:10',0,0),(573,1,'asd',0,'202123','0000-00-00 00:00:00','2016-03-27 22:22:24','2016-03-27 22:22:24',0,0),(574,1,'asd',0,'202123','0000-00-00 00:00:00','2016-03-27 22:22:43','2016-03-27 22:22:43',0,0),(575,1,'asd',0,'20123','0000-00-00 00:00:00','2016-03-27 22:23:49','2016-03-27 22:23:49',0,0),(576,1,'asd',0,'20123','0000-00-00 00:00:00','2016-03-27 22:24:08','2016-03-27 22:24:08',0,0),(577,1,'asd',0,'20123','0000-00-00 00:00:00','2016-03-27 22:28:26','2016-03-27 22:28:26',0,0),(578,1,'asd',0,'20123','0000-00-00 00:00:00','2016-03-27 22:28:51','2016-03-27 22:28:51',0,0),(579,1,'asd',0,'20123','0000-00-00 00:00:00','2016-03-27 22:30:49','2016-03-27 22:30:49',0,0),(580,1,'asd',0,'724-595-882','0000-00-00 00:00:00','2016-03-27 22:31:12','2016-03-27 22:31:12',0,0),(581,1,'asd',0,'051-199-253','0000-00-00 00:00:00','2016-03-27 22:31:13','2016-03-27 22:31:13',0,0),(582,1,'asd',0,'759-291-391','0000-00-00 00:00:00','2016-03-27 22:31:13','2016-03-27 22:31:13',0,0),(583,1,'asd',0,'466','0000-00-00 00:00:00','2016-03-27 22:34:01','2016-03-27 22:34:01',0,0),(584,1,'asdasd',0,'097657923','0000-00-00 00:00:00','2016-03-28 17:29:13','2016-03-28 17:29:13',0,0),(585,1,'asd',0,'097657923','0000-00-00 00:00:00','2016-03-28 17:32:22','2016-03-28 17:32:22',0,0),(586,1,'asd',0,'097657923','0000-00-00 00:00:00','2016-03-28 17:32:42','2016-03-28 17:32:42',0,0),(587,1,'asd',0,'09379010826','0000-00-00 00:00:00','2016-03-28 17:41:09','2016-03-28 17:41:09',0,0),(588,1,'asd',0,'09379010826','0000-00-00 00:00:00','2016-03-28 17:41:51','2016-03-28 17:41:51',0,0),(589,1,'asd',0,'09379010826','0000-00-00 00:00:00','2016-03-28 17:44:22','2016-03-28 17:44:22',0,0),(590,1,'asdasd',0,'09379010826','0000-00-00 00:00:00','2016-03-28 17:44:49','2016-03-28 17:44:49',0,0),(591,1,'asd',0,'097657923','0000-00-00 00:00:00','2016-03-28 18:44:47','2016-03-28 18:44:47',0,0),(592,1,'asd',0,'097657922','0000-00-00 00:00:00','2016-03-28 18:44:48','2016-03-28 18:44:48',0,0),(593,1,'asd',0,'466','0000-00-00 00:00:00','2016-03-28 18:44:49','2016-03-28 18:44:49',0,0),(594,1,'asd',0,'466','0000-00-00 00:00:00','2016-03-28 18:44:49','2016-03-28 18:44:49',0,0),(595,1,'asd',0,'466','0000-00-00 00:00:00','2016-03-28 18:44:49','2016-03-28 18:44:49',0,0),(596,1,'asd',0,'466','0000-00-00 00:00:00','2016-03-28 18:44:49','2016-03-28 18:44:49',0,0),(597,1,'asd',0,'466','0000-00-00 00:00:00','2016-03-28 18:44:50','2016-03-28 18:44:50',0,0),(598,1,'asd',0,'09379010826','0000-00-00 00:00:00','2016-03-28 18:44:50','2016-03-28 18:44:50',0,0),(599,1,'sallam',0,'09379010826','0000-00-00 00:00:00','2016-03-28 22:25:37','2016-03-28 22:25:37',0,0),(600,1,'sallam',0,'09379010826','0000-00-00 00:00:00','2016-03-28 22:26:40','2016-03-28 22:26:40',0,0),(601,1,'asdsd',0,'097657923','0000-00-00 00:00:00','2016-03-28 22:27:27','2016-03-28 22:27:27',0,0),(602,1,'asdsd',0,'097657923','0000-00-00 00:00:00','2016-03-28 22:28:01','2016-03-28 22:28:01',0,0),(603,1,'asdsd',0,'097657923','0000-00-00 00:00:00','2016-03-28 22:29:03','2016-03-28 22:29:03',0,0),(604,1,'asdasd',0,'09379010826','0000-00-00 00:00:00','2016-03-29 00:03:37','2016-03-29 00:03:37',0,0),(605,1,'asdasd',0,'09379010826','0000-00-00 00:00:00','2016-03-29 00:05:29','2016-03-29 00:05:29',0,0),(606,1,'asdasd',0,'09379010826','0000-00-00 00:00:00','2016-03-29 00:05:48','2016-03-29 00:05:48',0,0),(607,1,'asdasd',0,'09379010826','0000-00-00 00:00:00','2016-03-29 00:05:56','2016-03-29 00:05:56',0,0),(608,1,'asdasd',0,'09379010826','0000-00-00 00:00:00','2016-03-29 00:07:08','2016-03-29 00:07:08',0,0),(609,1,'asdasd',0,'09379010826','0000-00-00 00:00:00','2016-03-29 00:07:28','2016-03-29 00:07:28',0,0),(610,1,'asdasd',0,'09379010826','0000-00-00 00:00:00','2016-03-29 00:07:56','2016-03-29 00:07:56',0,0),(611,1,'asdasd',0,'09379010826','0000-00-00 00:00:00','2016-03-29 00:08:10','2016-03-29 00:08:10',0,0),(612,1,'asdasd',0,'09379010826','0000-00-00 00:00:00','2016-03-29 00:08:41','2016-03-29 00:08:41',0,0),(613,1,'asdads',0,'4669','0000-00-00 00:00:00','2016-03-29 00:08:42','2016-03-29 00:08:42',0,0),(614,1,'asdads',0,'9798','0000-00-00 00:00:00','2016-03-29 00:08:42','2016-03-29 00:08:42',0,0),(615,1,'asdads',0,'5555','0000-00-00 00:00:00','2016-03-29 00:08:43','2016-03-29 00:08:43',0,0),(616,1,'asdasd',0,'09379010826','0000-00-00 00:00:00','2016-03-29 00:09:54','2016-03-29 00:09:54',0,0),(617,1,'asdasd',0,'09379010826','0000-00-00 00:00:00','2016-03-29 00:10:30','2016-03-29 00:10:30',0,0),(618,1,'asdads',0,'4669','0000-00-00 00:00:00','2016-03-29 00:10:31','2016-03-29 00:10:31',0,0),(619,1,'asdads',0,'9798','0000-00-00 00:00:00','2016-03-29 00:10:31','2016-03-29 00:10:31',0,0),(620,1,'asdads',0,'5555','0000-00-00 00:00:00','2016-03-29 00:10:31','2016-03-29 00:10:31',0,0),(621,1,'asdasd',0,'09379010826','0000-00-00 00:00:00','2016-03-29 01:15:41','2016-03-29 01:15:41',0,0),(622,1,'asdads',0,'4669','0000-00-00 00:00:00','2016-03-29 01:15:42','2016-03-29 01:15:42',0,0),(623,1,'asdads',0,'9798','0000-00-00 00:00:00','2016-03-29 01:15:42','2016-03-29 01:15:42',0,0),(624,1,'asdads',0,'5555','0000-00-00 00:00:00','2016-03-29 01:15:43','2016-03-29 01:15:43',0,0),(625,1,'asdasd',0,'09379010826','0000-00-00 00:00:00','2016-03-29 01:16:22','2016-03-29 01:16:22',0,0),(626,1,'asdads',0,'4669','0000-00-00 00:00:00','2016-03-29 01:16:23','2016-03-29 01:16:23',0,0),(627,1,'asdads',0,'9798','0000-00-00 00:00:00','2016-03-29 01:16:24','2016-03-29 01:16:24',0,0),(628,1,'asdads',0,'5555','0000-00-00 00:00:00','2016-03-29 01:16:24','2016-03-29 01:16:24',0,0),(629,1,'asdasd',0,'09379010826','0000-00-00 00:00:00','2016-03-29 01:17:53','2016-03-29 01:17:53',0,0),(630,1,'asdasd',0,'09379010826','0000-00-00 00:00:00','2016-03-29 01:18:32','2016-03-29 01:18:32',0,0),(631,1,'asdasd',0,'09379010826','0000-00-00 00:00:00','2016-03-29 01:19:00','2016-03-29 01:19:00',0,0),(632,1,'asdasd',0,'09379010826','0000-00-00 00:00:00','2016-03-29 01:19:08','2016-03-29 01:19:08',0,0),(633,1,'asdads',0,'4669','0000-00-00 00:00:00','2016-03-29 01:19:09','2016-03-29 01:19:09',0,0),(634,1,'asdads',0,'9798','0000-00-00 00:00:00','2016-03-29 01:19:09','2016-03-29 01:19:09',0,0),(635,1,'asdads',0,'5555','0000-00-00 00:00:00','2016-03-29 01:19:10','2016-03-29 01:19:10',0,0),(636,1,'Test SMS',0,'09379010826','0000-00-00 00:00:00','2016-03-29 11:35:11','2016-03-29 11:35:11',0,0),(637,1,'asdasdads',0,'13123123','0000-00-00 00:00:00','2016-03-29 15:31:10','2016-03-29 15:31:10',0,0),(638,1,'asdasdads',0,'2342424','0000-00-00 00:00:00','2016-03-29 15:31:12','2016-03-29 15:31:12',0,0),(639,1,'asdasdads',0,'','0000-00-00 00:00:00','2016-03-29 15:31:12','2016-03-29 15:31:12',0,0),(640,1,'asd',0,'13123123','0000-00-00 00:00:00','2016-03-29 15:35:04','2016-03-29 15:35:04',0,0),(641,1,'asd',0,'2342424','0000-00-00 00:00:00','2016-03-29 15:35:05','2016-03-29 15:35:05',0,0),(642,1,'asd',0,'','0000-00-00 00:00:00','2016-03-29 15:35:05','2016-03-29 15:35:05',0,0),(643,1,'asdasdads',0,'13123123','0000-00-00 00:00:00','2016-03-29 15:41:43','2016-03-29 15:41:43',0,0),(644,1,'asdasdads',0,'2342424','0000-00-00 00:00:00','2016-03-29 15:41:44','2016-03-29 15:41:44',0,0),(645,1,'asdasdads',0,'','0000-00-00 00:00:00','2016-03-29 15:41:45','2016-03-29 15:41:45',0,0),(646,1,'asdasdads',0,'13123123','0000-00-00 00:00:00','2016-03-29 15:42:24','2016-03-29 15:42:24',0,0),(647,1,'asdasdads',0,'2342424','0000-00-00 00:00:00','2016-03-29 15:42:25','2016-03-29 15:42:25',0,0),(648,1,'asdasdads',0,'13123123','0000-00-00 00:00:00','2016-03-29 15:42:42','2016-03-29 15:42:42',0,0),(649,1,'asdasdads',0,'2342424','0000-00-00 00:00:00','2016-03-29 15:42:43','2016-03-29 15:42:43',0,0),(650,1,'nklkn',0,'097657923','0000-00-00 00:00:00','2016-03-29 22:55:24','2016-03-29 22:55:24',0,0),(651,1,'asdasdads',0,'097657923','0000-00-00 00:00:00','2016-03-29 23:51:12','2016-03-29 23:51:12',0,0),(652,1,'asdasdads',0,'097657922','0000-00-00 00:00:00','2016-03-29 23:51:13','2016-03-29 23:51:13',0,0),(653,1,'asdasdads',0,'097657923','0000-00-00 00:00:00','2016-03-29 23:51:41','2016-03-29 23:51:41',0,0),(654,1,'asdasdads',0,'097657922','0000-00-00 00:00:00','2016-03-29 23:51:42','2016-03-29 23:51:42',0,0),(655,1,'asdasdads',0,'466','0000-00-00 00:00:00','2016-03-29 23:51:43','2016-03-29 23:51:43',0,0),(656,1,'asdasdads',0,'466','0000-00-00 00:00:00','2016-03-29 23:51:43','2016-03-29 23:51:43',0,0),(657,1,'dasdd',0,'09379010826','0000-00-00 00:00:00','2016-03-31 11:50:50','2016-03-31 11:50:50',0,0),(658,1,'dasdd',0,'09379010826','0000-00-00 00:00:00','2016-03-31 11:52:56','2016-03-31 11:52:56',0,0),(659,1,'asdasdads',0,'09379010826','0000-00-00 00:00:00','2016-03-31 11:53:18','2016-03-31 11:53:18',0,0),(660,1,'asdasdads',0,'09379010826','0000-00-00 00:00:00','2016-03-31 11:54:15','2016-03-31 11:54:15',0,0),(661,1,'asdasdads',0,'09379010826','0000-00-00 00:00:00','2016-03-31 11:54:48','2016-03-31 11:54:48',0,0),(662,1,'asdasdads',0,'09379010826','0000-00-00 00:00:00','2016-03-31 11:55:26','2016-03-31 11:55:26',0,0),(663,1,'asdasdads',0,'09379010826','0000-00-00 00:00:00','2016-03-31 11:55:47','2016-03-31 11:55:47',0,0),(664,1,'asdasdads',0,'09379010826','0000-00-00 00:00:00','2016-03-31 11:56:14','2016-03-31 11:56:14',0,0),(665,1,'asdasdads',0,'09379010826','0000-00-00 00:00:00','2016-03-31 11:59:46','2016-03-31 11:59:46',0,0),(666,1,'asdasdads',0,'09379010826','0000-00-00 00:00:00','2016-03-31 12:06:11','2016-03-31 12:06:11',0,0),(667,1,'asdasdads',0,'09379010826','0000-00-00 00:00:00','2016-03-31 12:06:44','2016-03-31 12:06:44',0,0),(668,1,'asdasdads',1,'09379010826','0000-00-00 00:00:00','2016-03-31 12:07:10','2016-03-31 07:38:54',0,0);
/*!40000 ALTER TABLE `s_m_s` ENABLE KEYS */;
UNLOCK TABLES;

--
-- Table structure for table `s_m_s_receivers`
--

DROP TABLE IF EXISTS `s_m_s_receivers`;
/*!40101 SET @saved_cs_client     = @@character_set_client */;
/*!40101 SET character_set_client = utf8 */;
CREATE TABLE `s_m_s_receivers` (
  `id` int(10) unsigned NOT NULL AUTO_INCREMENT,
  `user_id` mediumint(9) NOT NULL,
  `line_id` mediumint(9) NOT NULL,
  `redirect_url` varchar(100) COLLATE utf8_unicode_ci NOT NULL,
  `status` tinyint(4) NOT NULL,
  `created_at` timestamp NOT NULL DEFAULT CURRENT_TIMESTAMP ON UPDATE CURRENT_TIMESTAMP,
  `updated_at` timestamp NOT NULL DEFAULT '0000-00-00 00:00:00',
  PRIMARY KEY (`id`)
) ENGINE=InnoDB AUTO_INCREMENT=3 DEFAULT CHARSET=utf8 COLLATE=utf8_unicode_ci;
/*!40101 SET character_set_client = @saved_cs_client */;

--
-- Dumping data for table `s_m_s_receivers`
--

LOCK TABLES `s_m_s_receivers` WRITE;
/*!40000 ALTER TABLE `s_m_s_receivers` DISABLE KEYS */;
INSERT INTO `s_m_s_receivers` VALUES (1,1,7,'adsds?from=FROM&to=TO&text=TEXT',0,'2016-04-01 06:48:39','2016-04-01 11:18:39'),(2,1,1,'popoj,ljasds?from=FROM&to=TO&text=TEXT',0,'2016-04-01 06:48:44','2016-04-01 11:18:44');
/*!40000 ALTER TABLE `s_m_s_receivers` ENABLE KEYS */;
UNLOCK TABLES;

--
-- Table structure for table `s_m_s_transactions`
--

DROP TABLE IF EXISTS `s_m_s_transactions`;
/*!40101 SET @saved_cs_client     = @@character_set_client */;
/*!40101 SET character_set_client = utf8 */;
CREATE TABLE `s_m_s_transactions` (
  `id` int(10) unsigned NOT NULL AUTO_INCREMENT,
  `user_id` mediumint(9) NOT NULL,
  `value` double(10,2) NOT NULL,
  `type` varchar(20) COLLATE utf8_unicode_ci NOT NULL,
  `created_at` timestamp NOT NULL DEFAULT CURRENT_TIMESTAMP ON UPDATE CURRENT_TIMESTAMP,
  `updated_at` timestamp NOT NULL DEFAULT '0000-00-00 00:00:00',
  PRIMARY KEY (`id`)
) ENGINE=InnoDB AUTO_INCREMENT=67 DEFAULT CHARSET=utf8 COLLATE=utf8_unicode_ci;
/*!40101 SET character_set_client = @saved_cs_client */;

--
-- Dumping data for table `s_m_s_transactions`
--

LOCK TABLES `s_m_s_transactions` WRITE;
/*!40000 ALTER TABLE `s_m_s_transactions` DISABLE KEYS */;
INSERT INTO `s_m_s_transactions` VALUES (1,0,635.00,'group','2016-03-20 00:26:42','2016-03-20 00:26:42'),(2,23,635.00,'group','2016-03-20 00:27:49','2016-03-20 00:27:49'),(3,1,0.00,'group','2016-03-22 19:04:57','2016-03-22 19:04:57'),(4,1,127.00,'group','2016-03-27 19:35:47','2016-03-27 19:35:47'),(5,1,127.00,'group','2016-03-27 19:36:39','2016-03-27 19:36:39'),(6,1,127.00,'group','2016-03-27 19:37:07','2016-03-27 19:37:07'),(7,1,1.00,'group','2016-03-27 19:44:08','2016-03-27 19:44:08'),(8,1,1.00,'group','2016-03-27 19:46:42','2016-03-27 19:46:42'),(9,1,1.00,'group','2016-03-27 19:53:21','2016-03-27 19:53:21'),(10,1,1.00,'group','2016-03-27 19:53:57','2016-03-27 19:53:57'),(11,1,1.00,'group','2016-03-27 20:00:14','2016-03-27 20:00:14'),(12,1,1.00,'group','2016-03-27 20:04:14','2016-03-27 20:04:14'),(13,1,0.00,'brand','2016-03-27 21:35:52','2016-03-27 21:35:52'),(14,1,0.00,'international','2016-03-27 21:46:51','2016-03-27 21:46:51'),(15,1,0.00,'international','2016-03-27 21:47:09','2016-03-27 21:47:09'),(16,1,0.00,'international','2016-03-27 21:47:58','2016-03-27 21:47:58'),(17,1,0.00,'international','2016-03-27 21:48:30','2016-03-27 21:48:30'),(18,1,0.00,'international','2016-03-27 21:51:38','2016-03-27 21:51:38'),(19,1,0.00,'international','2016-03-27 21:52:19','2016-03-27 21:52:19'),(20,1,0.00,'international','2016-03-27 21:52:56','2016-03-27 21:52:56'),(21,1,0.00,'international','2016-03-27 21:53:03','2016-03-27 21:53:03'),(22,1,0.00,'international','2016-03-27 21:53:42','2016-03-27 21:53:42'),(23,1,0.00,'international','2016-03-27 22:17:51','2016-03-27 22:17:51'),(24,1,0.00,'international','2016-03-27 22:22:10','2016-03-27 22:22:10'),(25,1,0.00,'international','2016-03-27 22:22:24','2016-03-27 22:22:24'),(26,1,0.00,'international','2016-03-27 22:22:43','2016-03-27 22:22:43'),(27,1,0.00,'international','2016-03-27 22:23:49','2016-03-27 22:23:49'),(28,1,0.00,'international','2016-03-27 22:24:08','2016-03-27 22:24:08'),(29,1,0.00,'international','2016-03-27 22:28:26','2016-03-27 22:28:26'),(30,1,0.00,'international','2016-03-27 22:28:51','2016-03-27 22:28:51'),(31,1,0.00,'international','2016-03-27 22:30:49','2016-03-27 22:30:49'),(32,1,0.00,'brand','2016-03-27 22:31:12','2016-03-27 22:31:12'),(33,1,1.00,'city','2016-03-28 17:41:09','2016-03-28 17:41:09'),(34,1,1.00,'city','2016-03-28 17:41:51','2016-03-28 17:41:51'),(35,1,1.00,'city','2016-03-28 17:44:22','2016-03-28 17:44:22'),(36,1,1.00,'city','2016-03-28 17:44:49','2016-03-28 17:44:49'),(37,1,890.00,'group','2016-03-28 18:44:36','2016-03-28 18:44:36'),(38,1,890.00,'group','2016-03-28 18:44:47','2016-03-28 18:44:47'),(39,1,1.00,'city','2016-03-28 22:25:37','2016-03-28 22:25:37'),(40,1,1.00,'city','2016-03-28 22:26:40','2016-03-28 22:26:40'),(41,1,127.00,'city','2016-03-28 22:27:27','2016-03-28 22:27:27'),(42,1,127.00,'city','2016-03-28 22:28:01','2016-03-28 22:28:01'),(43,1,127.00,'city','2016-03-28 22:29:03','2016-03-28 22:29:03'),(44,1,381.00,'group','2016-03-29 15:31:10','2016-03-29 15:31:10'),(45,1,381.00,'group','2016-03-29 15:35:04','2016-03-29 15:35:04'),(46,1,381.00,'group','2016-03-29 15:41:43','2016-03-29 15:41:43'),(47,1,254.00,'group','2016-03-29 15:42:24','2016-03-29 15:42:24'),(48,1,254.00,'group','2016-03-29 15:42:42','2016-03-29 15:42:42'),(49,1,127.00,'city','2016-03-29 22:52:09','2016-03-29 22:52:09'),(50,1,127.00,'city','2016-03-29 22:55:24','2016-03-29 22:55:24'),(51,1,254.00,'group','2016-03-29 23:51:12','2016-03-29 23:51:12'),(52,1,508.00,'group','2016-03-29 23:51:41','2016-03-29 23:51:41'),(53,1,1.00,'city','2016-03-31 11:50:50','2016-03-31 11:50:50'),(54,1,1.00,'city','2016-03-31 11:52:56','2016-03-31 11:52:56'),(55,1,1.00,'city','2016-03-31 11:53:18','2016-03-31 11:53:18'),(56,1,1.00,'city','2016-03-31 11:54:15','2016-03-31 11:54:15'),(57,1,1.00,'city','2016-03-31 11:54:48','2016-03-31 11:54:48'),(58,1,1.00,'city','2016-03-31 11:55:26','2016-03-31 11:55:26'),(59,1,1.00,'city','2016-03-31 11:55:47','2016-03-31 11:55:47'),(60,1,1.00,'city','2016-03-31 11:56:13','2016-03-31 11:56:13'),(61,1,1.00,'city','2016-03-31 11:59:46','2016-03-31 11:59:46'),(62,1,1.00,'city','2016-03-31 12:06:11','2016-03-31 12:06:11'),(63,1,1.00,'city','2016-03-31 12:06:44','2016-03-31 12:06:44'),(64,1,1.00,'city','2016-03-31 12:07:10','2016-03-31 12:07:10'),(65,1,0.00,'city','2016-04-01 23:53:01','2016-04-01 23:53:01'),(66,1,0.00,'city','2016-04-02 00:17:15','2016-04-02 00:17:15');
/*!40000 ALTER TABLE `s_m_s_transactions` ENABLE KEYS */;
UNLOCK TABLES;

--
-- Table structure for table `scheduled_messages`
--

DROP TABLE IF EXISTS `scheduled_messages`;
/*!40101 SET @saved_cs_client     = @@character_set_client */;
/*!40101 SET character_set_client = utf8 */;
CREATE TABLE `scheduled_messages` (
  `id` int(10) unsigned NOT NULL AUTO_INCREMENT,
  `user_id` mediumint(9) NOT NULL,
  `schedule_id` mediumint(9) NOT NULL,
  `text` varchar(500) COLLATE utf8_unicode_ci NOT NULL,
  `receivers` varchar(500) COLLATE utf8_unicode_ci NOT NULL,
  `line_id` mediumint(9) NOT NULL,
  `flash` tinyint(1) NOT NULL,
  `created_at` timestamp NOT NULL DEFAULT CURRENT_TIMESTAMP ON UPDATE CURRENT_TIMESTAMP,
  `updated_at` timestamp NOT NULL DEFAULT '0000-00-00 00:00:00',
  PRIMARY KEY (`id`)
) ENGINE=InnoDB AUTO_INCREMENT=9 DEFAULT CHARSET=utf8 COLLATE=utf8_unicode_ci;
/*!40101 SET character_set_client = @saved_cs_client */;

--
-- Dumping data for table `scheduled_messages`
--

LOCK TABLES `scheduled_messages` WRITE;
/*!40000 ALTER TABLE `scheduled_messages` DISABLE KEYS */;
INSERT INTO `scheduled_messages` VALUES (5,1,3,'asdasd','a:1:{i:0;s:11:\"09379010826\";}',7,1,'2016-03-28 19:29:23','2016-03-28 23:22:35'),(8,1,3,'asdads','a:3:{i:0;s:4:\"4669\";i:1;s:4:\"9798\";i:2;s:4:\"5555\";}',7,1,'2016-03-28 19:29:23','2016-03-28 23:42:04');
/*!40000 ALTER TABLE `scheduled_messages` ENABLE KEYS */;
UNLOCK TABLES;

--
-- Table structure for table `schedules`
--

DROP TABLE IF EXISTS `schedules`;
/*!40101 SET @saved_cs_client     = @@character_set_client */;
/*!40101 SET character_set_client = utf8 */;
CREATE TABLE `schedules` (
  `id` int(10) unsigned NOT NULL AUTO_INCREMENT,
  `user_id` mediumint(9) NOT NULL,
  `title` varchar(35) COLLATE utf8_unicode_ci NOT NULL,
  `type` varchar(20) COLLATE utf8_unicode_ci NOT NULL,
  `clock` varchar(20) COLLATE utf8_unicode_ci DEFAULT NULL,
  `day` varchar(20) COLLATE utf8_unicode_ci DEFAULT NULL,
  `month` varchar(255) COLLATE utf8_unicode_ci DEFAULT NULL,
  `start_at` timestamp NOT NULL DEFAULT CURRENT_TIMESTAMP ON UPDATE CURRENT_TIMESTAMP,
  `finish_at` timestamp NOT NULL DEFAULT '0000-00-00 00:00:00',
  `next_time` timestamp NOT NULL DEFAULT '0000-00-00 00:00:00',
  `status` tinyint(4) NOT NULL,
  `created_at` timestamp NOT NULL DEFAULT '0000-00-00 00:00:00',
  `updated_at` timestamp NOT NULL DEFAULT '0000-00-00 00:00:00',
  PRIMARY KEY (`id`)
) ENGINE=InnoDB AUTO_INCREMENT=7 DEFAULT CHARSET=utf8 COLLATE=utf8_unicode_ci;
/*!40101 SET character_set_client = @saved_cs_client */;

--
-- Dumping data for table `schedules`
--

LOCK TABLES `schedules` WRITE;
/*!40000 ALTER TABLE `schedules` DISABLE KEYS */;
INSERT INTO `schedules` VALUES (1,1,'oon','every day','15:05',NULL,NULL,'2016-03-28 19:05:55','2016-03-18 22:59:59','2016-03-01 23:00:00',0,'2016-03-28 21:51:04','2016-03-28 23:35:55'),(2,1,'dorost','every day','13:05',NULL,NULL,'2016-03-16 23:00:00','2016-03-28 23:59:59','2016-03-16 23:00:00',0,'2016-03-28 23:55:12','2016-03-28 23:55:12'),(3,1,'vaghean dorost','every day','03:20',NULL,NULL,'2016-03-28 20:49:09','2016-05-12 23:59:59','2016-10-04 03:20:00',0,'2016-03-28 23:56:23','2016-03-29 01:19:09'),(4,1,'ee','every week','03:20','3',NULL,'2016-03-30 00:00:00','2016-05-31 23:59:59','2016-03-30 00:00:00',0,'2016-03-29 00:57:35','2016-03-29 00:57:35'),(5,1,'ee','every week','03:20','3',NULL,'2016-03-30 00:00:00','2016-05-31 23:59:59','2016-03-30 00:00:00',0,'2016-03-29 00:57:35','2016-03-29 00:57:35'),(6,1,'asdasd','every week','03:20','1',NULL,'2016-03-31 00:00:00','2016-05-31 23:59:59','2016-04-03 03:20:00',0,'2016-03-29 01:11:44','2016-03-29 01:11:44');
/*!40000 ALTER TABLE `schedules` ENABLE KEYS */;
UNLOCK TABLES;

--
-- Table structure for table `secure_logins`
--

DROP TABLE IF EXISTS `secure_logins`;
/*!40101 SET @saved_cs_client     = @@character_set_client */;
/*!40101 SET character_set_client = utf8 */;
CREATE TABLE `secure_logins` (
  `id` int(10) unsigned NOT NULL AUTO_INCREMENT,
  `user_id` mediumint(9) NOT NULL,
  `password` varchar(60) COLLATE utf8_unicode_ci NOT NULL,
  `created_at` timestamp NOT NULL DEFAULT CURRENT_TIMESTAMP ON UPDATE CURRENT_TIMESTAMP,
  `updated_at` timestamp NOT NULL DEFAULT '0000-00-00 00:00:00',
  `expires_at` timestamp NOT NULL DEFAULT '0000-00-00 00:00:00',
  `expired` tinyint(1) NOT NULL,
  PRIMARY KEY (`id`)
) ENGINE=InnoDB DEFAULT CHARSET=utf8 COLLATE=utf8_unicode_ci;
/*!40101 SET character_set_client = @saved_cs_client */;

--
-- Dumping data for table `secure_logins`
--

LOCK TABLES `secure_logins` WRITE;
/*!40000 ALTER TABLE `secure_logins` DISABLE KEYS */;
/*!40000 ALTER TABLE `secure_logins` ENABLE KEYS */;
UNLOCK TABLES;

--
-- Table structure for table `settings`
--

DROP TABLE IF EXISTS `settings`;
/*!40101 SET @saved_cs_client     = @@character_set_client */;
/*!40101 SET character_set_client = utf8 */;
CREATE TABLE `settings` (
  `id` int(10) unsigned NOT NULL AUTO_INCREMENT,
  `user_id` mediumint(9) NOT NULL,
  `sms_on_login` tinyint(1) NOT NULL,
  `sms_on_ticket` tinyint(1) NOT NULL,
  `sms_balance` tinyint(1) NOT NULL,
  `created_at` timestamp NOT NULL DEFAULT CURRENT_TIMESTAMP ON UPDATE CURRENT_TIMESTAMP,
  `updated_at` timestamp NOT NULL DEFAULT '0000-00-00 00:00:00',
  PRIMARY KEY (`id`)
) ENGINE=InnoDB AUTO_INCREMENT=9 DEFAULT CHARSET=utf8 COLLATE=utf8_unicode_ci;
/*!40101 SET character_set_client = @saved_cs_client */;

--
-- Dumping data for table `settings`
--

LOCK TABLES `settings` WRITE;
/*!40000 ALTER TABLE `settings` DISABLE KEYS */;
INSERT INTO `settings` VALUES (8,1,1,1,1,'2016-02-26 09:51:32','2016-02-26 13:21:32');
/*!40000 ALTER TABLE `settings` ENABLE KEYS */;
UNLOCK TABLES;

--
-- Table structure for table `specials`
--

DROP TABLE IF EXISTS `specials`;
/*!40101 SET @saved_cs_client     = @@character_set_client */;
/*!40101 SET character_set_client = utf8 */;
CREATE TABLE `specials` (
  `id` int(10) unsigned NOT NULL AUTO_INCREMENT,
  `user_id` mediumint(9) NOT NULL,
  `title` varchar(50) COLLATE utf8_unicode_ci NOT NULL,
  `description` varchar(250) COLLATE utf8_unicode_ci NOT NULL,
  `texts` mediumint(9) NOT NULL,
  `type` tinyint(4) NOT NULL,
  `status` tinyint(4) NOT NULL,
  `value` mediumint(9) NOT NULL,
  `created_at` timestamp NOT NULL DEFAULT CURRENT_TIMESTAMP ON UPDATE CURRENT_TIMESTAMP,
  `updated_at` timestamp NOT NULL DEFAULT '0000-00-00 00:00:00',
  `global` tinyint(1) NOT NULL,
  `agent_id` mediumint(9) NOT NULL,
  PRIMARY KEY (`id`)
) ENGINE=InnoDB AUTO_INCREMENT=3 DEFAULT CHARSET=utf8 COLLATE=utf8_unicode_ci;
/*!40101 SET character_set_client = @saved_cs_client */;

--
-- Dumping data for table `specials`
--

LOCK TABLES `specials` WRITE;
/*!40000 ALTER TABLE `specials` DISABLE KEYS */;
INSERT INTO `specials` VALUES (1,1,'asdasdasss','asdasdasdasd',6666,0,0,666,'2016-03-04 21:50:44','2016-03-05 01:20:44',1,0),(2,1,'asd','asd',222,0,0,2,'2016-03-04 21:53:31','2016-03-05 01:23:31',1,0);
/*!40000 ALTER TABLE `specials` ENABLE KEYS */;
UNLOCK TABLES;

--
-- Table structure for table `tickets`
--

DROP TABLE IF EXISTS `tickets`;
/*!40101 SET @saved_cs_client     = @@character_set_client */;
/*!40101 SET character_set_client = utf8 */;
CREATE TABLE `tickets` (
  `id` int(10) unsigned NOT NULL AUTO_INCREMENT,
  `user_id` mediumint(9) NOT NULL,
  `code` mediumint(9) NOT NULL,
  `title` varchar(50) COLLATE utf8_unicode_ci NOT NULL,
  `status` tinyint(4) NOT NULL,
  `supervisor_id` mediumint(9) NOT NULL,
  `text` varchar(3000) COLLATE utf8_unicode_ci NOT NULL,
  `answer` varchar(3000) COLLATE utf8_unicode_ci NOT NULL,
  `priority` tinyint(4) NOT NULL,
  `created_at` timestamp NOT NULL DEFAULT CURRENT_TIMESTAMP ON UPDATE CURRENT_TIMESTAMP,
  `updated_at` timestamp NOT NULL DEFAULT '0000-00-00 00:00:00',
  PRIMARY KEY (`id`)
) ENGINE=InnoDB AUTO_INCREMENT=5 DEFAULT CHARSET=utf8 COLLATE=utf8_unicode_ci;
/*!40101 SET character_set_client = @saved_cs_client */;

--
-- Dumping data for table `tickets`
--

LOCK TABLES `tickets` WRITE;
/*!40000 ALTER TABLE `tickets` DISABLE KEYS */;
INSERT INTO `tickets` VALUES (4,1,920798,'sent',0,1,'asdasd asd asdas','',1,'2016-03-05 18:30:52','2016-03-05 21:58:33');
/*!40000 ALTER TABLE `tickets` ENABLE KEYS */;
UNLOCK TABLES;

--
-- Table structure for table `transactions`
--

DROP TABLE IF EXISTS `transactions`;
/*!40101 SET @saved_cs_client     = @@character_set_client */;
/*!40101 SET character_set_client = utf8 */;
CREATE TABLE `transactions` (
  `id` int(10) unsigned NOT NULL AUTO_INCREMENT,
  `user_id` mediumint(9) NOT NULL,
  `code` bigint(12) NOT NULL,
  `status` tinyint(4) NOT NULL,
  `value` bigint(20) NOT NULL,
  `created_at` timestamp NOT NULL DEFAULT CURRENT_TIMESTAMP ON UPDATE CURRENT_TIMESTAMP,
  `updated_at` timestamp NOT NULL DEFAULT '0000-00-00 00:00:00',
  `description` varchar(100) COLLATE utf8_unicode_ci NOT NULL,
  `type` varchar(20) COLLATE utf8_unicode_ci NOT NULL,
  `target_id` mediumint(9) NOT NULL,
  PRIMARY KEY (`id`),
  KEY `transactions_user_id_index` (`user_id`)
) ENGINE=InnoDB AUTO_INCREMENT=24 DEFAULT CHARSET=utf8 COLLATE=utf8_unicode_ci;
/*!40101 SET character_set_client = @saved_cs_client */;

--
-- Dumping data for table `transactions`
--

LOCK TABLES `transactions` WRITE;
/*!40000 ALTER TABLE `transactions` DISABLE KEYS */;
INSERT INTO `transactions` VALUES (8,23,29094735,1,735,'2016-03-18 17:24:12','2016-03-18 20:54:12','خرید خط 165-719-933','line',3),(9,23,85247932,1,1000000,'2016-03-19 09:15:05','2016-03-19 12:45:05','شارژ حساب به مبلغ 1000000 ریال','credit',0),(10,23,95850141,1,1231231,'2016-03-19 09:36:59','2016-03-19 13:06:59','شارژ حساب به مبلغ 1231231 ریال','credit',0),(11,23,34949276,1,111122,'2016-03-19 09:39:04','2016-03-19 13:09:04','شارژ حساب به مبلغ 111122 ریال','credit',0),(12,23,98620127,1,1000000,'2016-03-19 09:42:23','2016-03-19 13:12:23','شارژ حساب به مبلغ 1000000 ریال','credit',0),(13,23,82714595,1,1000000,'2016-03-19 09:46:24','2016-03-19 13:16:24','شارژ حساب به مبلغ 1000000 ریال','credit',0),(14,23,80286659,1,100000,'2016-03-19 09:47:52','2016-03-19 13:17:52','شارژ حساب به مبلغ 100000 ریال','credit',0),(15,23,41449775,1,231233,'2016-03-19 14:59:39','2016-03-19 18:29:39','شارژ حساب به مبلغ 231233 ریال','credit',0),(16,23,18915930,1,122222,'2016-03-19 15:08:34','2016-03-19 18:38:34','شارژ حساب به مبلغ 122222 ریال','credit',0),(17,23,54903058,1,1222222,'2016-03-19 15:10:18','2016-03-19 18:40:18','شارژ حساب به مبلغ 1222222 ریال','credit',0),(18,23,91397433,1,1222222,'2016-03-19 15:12:44','2016-03-19 18:42:44','شارژ حساب به مبلغ 1222222 ریال','credit',0),(19,23,49765216,1,1222222,'2016-03-19 15:14:38','2016-03-19 18:44:38','شارژ حساب به مبلغ 1222222 ریال','credit',0),(20,23,94735146,1,1222222,'2016-03-19 15:16:56','2016-03-19 18:46:56','شارژ حساب به مبلغ 1222222 ریال','credit',0),(21,23,48234613,1,1000,'2016-03-19 16:56:14','2016-03-19 20:26:14','خرید ماژول ارسال از نقشه','module',2),(22,23,67387467,0,100000,'2016-04-02 23:29:55','2016-04-02 23:29:55','شارژ حساب به مبلغ 100000 ریال','credit',0),(23,23,11615938,0,3423423,'2016-04-02 23:31:34','2016-04-02 23:31:34','شارژ حساب به مبلغ 3423423 ریال','credit',0);
/*!40000 ALTER TABLE `transactions` ENABLE KEYS */;
UNLOCK TABLES;

--
-- Table structure for table `transfer_to_emails`
--

DROP TABLE IF EXISTS `transfer_to_emails`;
/*!40101 SET @saved_cs_client     = @@character_set_client */;
/*!40101 SET character_set_client = utf8 */;
CREATE TABLE `transfer_to_emails` (
  `id` int(10) unsigned NOT NULL AUTO_INCREMENT,
  `user_id` mediumint(9) NOT NULL,
  `number` varchar(255) COLLATE utf8_unicode_ci NOT NULL,
  `email` varchar(50) COLLATE utf8_unicode_ci NOT NULL,
  `created_at` timestamp NOT NULL DEFAULT CURRENT_TIMESTAMP ON UPDATE CURRENT_TIMESTAMP,
  `updated_at` timestamp NOT NULL DEFAULT '0000-00-00 00:00:00',
  `status` tinyint(4) NOT NULL,
  PRIMARY KEY (`id`),
  KEY `transfer_to_emails_number_index` (`number`)
) ENGINE=InnoDB AUTO_INCREMENT=4 DEFAULT CHARSET=utf8 COLLATE=utf8_unicode_ci;
/*!40101 SET character_set_client = @saved_cs_client */;

--
-- Dumping data for table `transfer_to_emails`
--

LOCK TABLES `transfer_to_emails` WRITE;
/*!40000 ALTER TABLE `transfer_to_emails` DISABLE KEYS */;
INSERT INTO `transfer_to_emails` VALUES (3,1,'23123123','ooasd@cojm.cmo','2016-03-04 18:00:20','2016-03-04 21:30:20',-1);
/*!40000 ALTER TABLE `transfer_to_emails` ENABLE KEYS */;
UNLOCK TABLES;

--
-- Table structure for table `trashed_s_m_s`
--

DROP TABLE IF EXISTS `trashed_s_m_s`;
/*!40101 SET @saved_cs_client     = @@character_set_client */;
/*!40101 SET character_set_client = utf8 */;
CREATE TABLE `trashed_s_m_s` (
  `id` int(10) unsigned NOT NULL AUTO_INCREMENT,
  `user_id` mediumint(9) NOT NULL,
  `sms_id` mediumint(9) NOT NULL,
  `status` tinyint(4) NOT NULL,
  `created_at` timestamp NOT NULL DEFAULT CURRENT_TIMESTAMP ON UPDATE CURRENT_TIMESTAMP,
  `updated_at` timestamp NOT NULL DEFAULT '0000-00-00 00:00:00',
  `type` tinyint(4) NOT NULL,
  `text` varchar(500) COLLATE utf8_unicode_ci NOT NULL,
  PRIMARY KEY (`id`)
) ENGINE=InnoDB AUTO_INCREMENT=48 DEFAULT CHARSET=utf8 COLLATE=utf8_unicode_ci;
/*!40101 SET character_set_client = @saved_cs_client */;

--
-- Dumping data for table `trashed_s_m_s`
--

LOCK TABLES `trashed_s_m_s` WRITE;
/*!40000 ALTER TABLE `trashed_s_m_s` DISABLE KEYS */;
INSERT INTO `trashed_s_m_s` VALUES (8,1,8,0,'2016-03-02 18:15:41','2016-03-02 21:45:41',0,'hello'),(9,1,9,-2,'2016-03-02 18:06:50','2016-03-02 21:36:50',0,'asd'),(10,1,6,-1,'2016-03-13 23:04:07','2016-03-13 23:04:07',0,'sasdasdasd'),(11,1,8,-1,'2016-03-29 18:42:04','2016-03-29 18:42:04',0,'hello'),(12,1,11,-1,'2016-03-29 18:42:10','2016-03-29 18:42:10',0,'adsasd'),(13,1,13,-1,'2016-03-29 18:42:18','2016-03-29 18:42:18',0,'sasdasdasd'),(14,1,18,-1,'2016-03-29 19:23:50','2016-03-29 19:23:50',0,'hoy olagh ba toam'),(15,1,16,-1,'2016-03-29 19:24:54','2016-03-29 19:24:54',0,'hello from the outside'),(16,1,17,-1,'2016-03-29 19:25:16','2016-03-29 19:25:16',0,'hello from the outside'),(17,1,12,-1,'2016-03-29 19:25:22','2016-03-29 19:25:22',0,'sasdasdasd'),(18,1,15,-1,'2016-03-29 19:26:36','2016-03-29 19:26:36',0,'asd'),(19,1,20,-1,'2016-03-29 19:26:36','2016-03-29 19:26:36',0,'asads'),(20,1,10,-1,'2016-03-29 19:26:36','2016-03-29 19:26:36',0,'asd'),(21,1,29,-1,'2016-03-29 19:27:00','2016-03-29 19:27:00',0,'asd'),(22,1,25,-1,'2016-03-29 19:27:00','2016-03-29 19:27:00',0,'asd'),(23,1,14,-1,'2016-03-29 19:27:00','2016-03-29 19:27:00',0,'asdasd'),(24,1,21,-1,'2016-03-29 19:27:00','2016-03-29 19:27:00',0,'asads'),(25,1,27,-1,'2016-03-29 19:27:00','2016-03-29 19:27:00',0,'asdasd'),(26,1,23,-1,'2016-03-29 19:27:00','2016-03-29 19:27:00',0,'asads'),(27,1,35,-1,'2016-03-29 19:27:02','2016-03-29 19:27:02',0,'jnlj'),(28,1,37,-1,'2016-03-29 19:27:02','2016-03-29 19:27:02',0,'jnlj'),(29,1,33,-1,'2016-03-29 19:27:02','2016-03-29 19:27:02',0,'asdasd'),(30,1,31,-1,'2016-03-29 19:27:02','2016-03-29 19:27:02',0,'asd'),(31,1,34,-1,'2016-03-29 19:27:12','2016-03-29 19:27:12',0,'mn l'),(32,1,38,-1,'2016-03-29 19:27:12','2016-03-29 19:27:12',0,'jnlj'),(33,1,40,-1,'2016-03-29 19:27:12','2016-03-29 19:27:12',0,'jnlj'),(34,1,41,-1,'2016-03-29 19:27:26','2016-03-29 19:27:26',0,'jnlj'),(35,1,36,-1,'2016-03-29 19:27:26','2016-03-29 19:27:26',0,'jnlj'),(36,1,43,-1,'2016-03-29 19:27:26','2016-03-29 19:27:26',0,'jnljdsd'),(37,1,46,-1,'2016-03-29 19:27:41','2016-03-29 19:27:41',0,'jnljdsd'),(38,1,44,-1,'2016-03-29 19:27:41','2016-03-29 19:27:41',0,'jnljdsd'),(39,1,39,-1,'2016-03-29 19:27:41','2016-03-29 19:27:41',0,'jnlj'),(40,1,24,-1,'2016-03-29 19:29:13','2016-03-29 19:29:13',0,'asads'),(41,1,19,-1,'2016-03-29 19:29:13','2016-03-29 19:29:13',0,'asads'),(42,1,28,-1,'2016-03-29 19:29:32','2016-03-29 19:29:32',0,'asd'),(43,1,22,-1,'2016-03-29 19:29:32','2016-03-29 19:29:32',0,'asads'),(44,1,48,-1,'2016-03-29 19:29:51','2016-03-29 19:29:51',0,'jnljdsd'),(45,1,32,-1,'2016-03-29 19:35:47','2016-03-29 19:35:47',0,'asd'),(46,1,45,-1,'2016-03-29 19:35:47','2016-03-29 19:35:47',0,'jnljdsd'),(47,1,26,-1,'2016-03-29 19:35:47','2016-03-29 19:35:47',0,'asd');
/*!40000 ALTER TABLE `trashed_s_m_s` ENABLE KEYS */;
UNLOCK TABLES;

--
-- Table structure for table `users`
--

DROP TABLE IF EXISTS `users`;
/*!40101 SET @saved_cs_client     = @@character_set_client */;
/*!40101 SET character_set_client = utf8 */;
CREATE TABLE `users` (
  `id` int(10) unsigned NOT NULL AUTO_INCREMENT,
  `type` tinyint(1) NOT NULL,
  `first_name` varchar(25) COLLATE utf8_unicode_ci NOT NULL,
  `last_name` varchar(25) COLLATE utf8_unicode_ci NOT NULL,
  `name` varchar(50) COLLATE utf8_unicode_ci NOT NULL,
  `username` varchar(25) COLLATE utf8_unicode_ci NOT NULL,
  `mobile` varchar(15) COLLATE utf8_unicode_ci NOT NULL,
  `national_code` varchar(15) COLLATE utf8_unicode_ci NOT NULL,
  `email` varchar(50) COLLATE utf8_unicode_ci NOT NULL,
  `password` varchar(60) COLLATE utf8_unicode_ci NOT NULL,
  `link_first_name` varchar(25) COLLATE utf8_unicode_ci NOT NULL,
  `link_last_name` varchar(25) COLLATE utf8_unicode_ci NOT NULL,
  `remember_token` varchar(100) COLLATE utf8_unicode_ci DEFAULT NULL,
  `created_at` timestamp NOT NULL DEFAULT CURRENT_TIMESTAMP ON UPDATE CURRENT_TIMESTAMP,
  `updated_at` timestamp NOT NULL DEFAULT '0000-00-00 00:00:00',
  `submit_code` varchar(15) COLLATE utf8_unicode_ci NOT NULL,
  `role` tinyint(4) NOT NULL,
  `active` tinyint(1) NOT NULL DEFAULT '1',
  `parent` mediumint(9) NOT NULL,
  `last_login` timestamp NOT NULL DEFAULT '0000-00-00 00:00:00',
  `last_ip` varchar(20) COLLATE utf8_unicode_ci NOT NULL,
  `last_logout` timestamp NOT NULL DEFAULT '0000-00-00 00:00:00',
  `date_of_birth` timestamp NOT NULL DEFAULT '0000-00-00 00:00:00',
  `credit` float NOT NULL,
  `domain` varchar(50) COLLATE utf8_unicode_ci NOT NULL,
  `user_left` mediumint(9) NOT NULL,
  `agent_left` mediumint(9) NOT NULL,
  `agent_id` mediumint(9) NOT NULL,
  `price_groups_id` mediumint(9) NOT NULL,
  `unit_fee` double(10,2) NOT NULL,
  `status` tinyint(4) NOT NULL,
  PRIMARY KEY (`id`),
  UNIQUE KEY `users_username_unique` (`username`),
  UNIQUE KEY `users_email_unique` (`email`)
) ENGINE=InnoDB AUTO_INCREMENT=30 DEFAULT CHARSET=utf8 COLLATE=utf8_unicode_ci;
/*!40101 SET character_set_client = @saved_cs_client */;

--
-- Dumping data for table `users`
--

LOCK TABLES `users` WRITE;
/*!40000 ALTER TABLE `users` DISABLE KEYS */;
INSERT INTO `users` VALUES (1,0,'ehsan','fazeli','ehsan fazeli','ehsan','09379010826','','fa.ehsan@gmail.com','$2y$10$YO98D5tLpJhteZtF1.mTee9n.qDE9JkHVSn/MnqxKsfJoCJk2fn9C','','','xI7lHHTzxD9rdiUMBbeEGcFBbuUvK6Wh47PP0jvBtH8goatYqljOWK07ZKHd','2016-04-03 19:25:20','2016-04-03 23:55:20','',2,1,1,'2016-04-03 21:54:10','192.168.33.1','2016-03-17 20:11:59','1992-03-24 00:00:00',953,'sms.ir',0,0,4,1,0.00,-1),(4,0,'ehsan','fa','ehsan fa','ehsanfa','09373886829','0123456789','ehsan_43211@yahoo.com','','','','UggUKSv5wMULpD3TPgGdOXKId41HSZBCCxYISAD6uZ1fBGdNTKARohPtU7t9','2016-04-03 19:25:24','2016-04-03 23:55:24','',1,1,1,'0000-00-00 00:00:00','','2016-02-08 19:13:23','0000-00-00 00:00:00',600,'',0,0,0,0,0.00,-1),(5,0,'ehsan','fa','ehsan fa','sss','09223456432','0123456788','eds@sda.com','','','',NULL,'2016-02-26 16:24:03','2016-02-08 18:43:11','',0,1,1,'0000-00-00 00:00:00','','0000-00-00 00:00:00','0000-00-00 00:00:00',160,'',0,0,0,0,0.00,0),(6,0,'','','hooshang','ssssss','09379010824','0123453789','sss@sssss.com','','hasan','dasdas','PbUGtwOS18p0UGZBGP9zGneDFtJh6I65E6RfTaWzgdn7vVPJgbhltV6FXfHV','2016-02-26 16:24:04','2016-02-05 17:30:06','23134',0,1,1,'0000-00-00 00:00:00','','0000-00-00 00:00:00','0000-00-00 00:00:00',0,'',0,0,0,0,0.00,0),(7,0,'asd','asdasdad','asd asdasdad','asasd','09334567899','1234567890','hasan@adssd.com','','','',NULL,'2016-02-27 21:04:00','2016-02-27 21:04:00','',0,1,0,'0000-00-00 00:00:00','','0000-00-00 00:00:00','0000-00-00 00:00:00',0,'',0,0,0,0,0.00,0),(8,0,'asd','asdasdad','asd asdasdad','asasds','09334567898','1234567899','hasan@adssd.coms','','','',NULL,'2016-04-03 19:33:51','2016-04-04 00:03:51','',0,1,0,'0000-00-00 00:00:00','','0000-00-00 00:00:00','0000-00-00 00:00:00',0,'',0,0,0,0,0.00,-2),(9,0,'asd','asdasdad','asd asdasdad','asasdsh','09334567897','1234567897','hasan@adssd.comss','','','',NULL,'2016-04-03 19:33:49','2016-04-04 00:03:49','',0,1,0,'0000-00-00 00:00:00','','0000-00-00 00:00:00','0000-00-00 00:00:00',0,'',0,0,0,0,0.00,-2),(10,0,'','','asdas','aaaa','02223213123','1234556678','sad@asd.com','','asd','asdasd',NULL,'2016-02-27 21:18:12','2016-02-27 21:18:12','12121244',0,1,0,'0000-00-00 00:00:00','','0000-00-00 00:00:00','0000-00-00 00:00:00',0,'',0,0,0,0,0.00,0),(11,1,'','','asdas','aaaad','02223213124','1234556677','sad@assd.com','','asd','asdasd',NULL,'2016-02-27 21:19:36','2016-02-27 21:19:36','121212447',0,1,0,'0000-00-00 00:00:00','','0000-00-00 00:00:00','0000-00-00 00:00:00',0,'',0,0,0,0,0.00,0),(12,0,'Prof. Estrella Carroll','Ken Lind','Verla Fahey I','Hayes.Ellie','84786004871','9346163742','Cassidy11@Greenfelder.com','$2y$10$mfzfa3jAaEUwF96ZVreryuklCtqfiS8jWK79BOs5V3Z26/j/TMeKW','','','wGMTAwAvsQ','2016-04-03 19:31:16','2016-04-04 00:01:16','',0,1,0,'0000-00-00 00:00:00','','0000-00-00 00:00:00','0000-00-00 00:00:00',0,'',0,0,11,9,0.00,0),(13,0,'Polly Pouros','Prof. Georgette Schroeder','Ila Shields Jr.','Louvenia.Hahn','65579059580','9889935724','Barney38@Champlin.com','$2y$10$dlGpdCzHJnnAKN8r5uLffOdfgL1VE.XlLEUiIbBb.a8GwqdFvSjwW','','','GSE5mimRZO','2016-03-08 23:58:09','2016-03-08 23:58:09','',2,1,0,'0000-00-00 00:00:00','','0000-00-00 00:00:00','0000-00-00 00:00:00',0,'',0,0,11,5,0.00,0),(14,0,'Mason Buckridge','Aylin Bergstrom','Dr. Chaz Turner MD','Marc08','51636964948','8525332421','oMurray@Rutherford.com','$2y$10$nwRwLXf1ePPTc5lXyo2D3.yMWbbX7St5PrgUuxBd3KloTBhj3bJje','','','yYkEuhRODZ','2016-04-03 19:36:34','2016-04-04 00:06:34','',2,1,0,'0000-00-00 00:00:00','','0000-00-00 00:00:00','0000-00-00 00:00:00',0,'',0,0,11,1,0.00,-2),(15,0,'Ms. Mozell Hagenes MD','Kenna King II','Abdiel Koepp','fOndricka','89089416828','3442886455','Justen34@Marquardt.biz','$2y$10$vxbI6hY/YMHH1hWT505EIOeo4h5tNVf0f7u3GQ31ekvbdHP5T7DwW','','','zt62jTJICX','2016-04-03 19:36:35','2016-04-04 00:06:35','',2,1,0,'0000-00-00 00:00:00','','0000-00-00 00:00:00','0000-00-00 00:00:00',0,'',0,0,11,6,0.00,-2),(16,0,'Alberta Mraz MD','Mellie Boehm','Leopoldo Casper DDS','Lyla80','71543718101','3500638396','Declan37@yahoo.com','$2y$10$nN6SLzB.jNsa2BZOAR92webvgC10brfLO8v60nbiRRyjz2yEI6KBy','','','kVwr67tO1m','2016-03-08 23:58:09','2016-03-08 23:58:09','',0,1,0,'0000-00-00 00:00:00','','0000-00-00 00:00:00','0000-00-00 00:00:00',0,'',0,0,11,4,0.00,0),(17,0,'Herminia Von II','Filiberto Cummings MD','Dr. Kasey Windler','Dakota.Wyman','74314662553','2262523922','Corkery.Johnnie@Feeney.com','$2y$10$FWgBr3n6HBb1JMziuOy1sOspJP.39wIfsnEvLWfBzc5eYYClXckoC','','','Fv97esB6TU','2016-03-08 23:58:09','2016-03-08 23:58:09','',2,1,0,'0000-00-00 00:00:00','','0000-00-00 00:00:00','0000-00-00 00:00:00',0,'',0,0,11,3,0.00,0),(18,0,'Mrs. Savanah Rippin DVM','Lottie Veum','Miss Kellie Ortiz IV','Gage93','66469599702','5265226115','Rogelio37@Jast.com','$2y$10$OeJBQTT20C5yucI/wHplsOjsvvkxcVfvQBxlCGw9Mzst3eXc0HAaq','','','4jfykSSadR','2016-03-08 23:58:09','2016-03-08 23:58:09','',2,1,0,'0000-00-00 00:00:00','','0000-00-00 00:00:00','0000-00-00 00:00:00',0,'',0,0,11,1,0.00,0),(19,0,'Maribel Johnston IV','Prof. Golden Kuhlman III','Prof. Myrtis Hauck','Berenice.Gaylord','86993102594','6335984250','Adrien95@gmail.com','$2y$10$JuYm2qNh/GMZgLJdubdg3e6zXXPkqaYaiL.CbRHqTiSfUxc/vYX2G','','','znFRqsZmOH','2016-03-08 23:58:09','2016-03-08 23:58:09','',1,1,0,'0000-00-00 00:00:00','','0000-00-00 00:00:00','0000-00-00 00:00:00',0,'',0,0,11,10,0.00,0),(20,0,'Mr. Akeem Cummerata','Ericka Beier','Rosario Klocko Jr.','Daphne.Langworth','56821479927','8186478492','Barton.Angelo@Schaden.info','$2y$10$wvj0A89LqPxMwMH3DxOcTe3B/bA4rwExCXaeaUyMnT4Q2zjhN0Gt.','','','x7HNZ2MJoi','2016-03-08 23:58:09','2016-03-08 23:58:09','',2,1,0,'0000-00-00 00:00:00','','0000-00-00 00:00:00','0000-00-00 00:00:00',0,'',0,0,11,5,0.00,0),(21,0,'Orie Torp','Mr. Jerrold Dare','Mr. Mose Oberbrunner DVM','Daisha76','80764142172','8985443857','mHermiston@Wiza.org','$2y$10$1coAUSgGZFo9i5PYSc.UVePoGYgVp5FEAsbv7c1E3T350rwe1.fQK','','','2Z0j8nlWqQ','2016-03-08 23:58:09','2016-03-08 23:58:09','',0,1,0,'0000-00-00 00:00:00','','0000-00-00 00:00:00','0000-00-00 00:00:00',0,'',0,0,11,1,0.00,0),(22,0,'hasan','sahasasd','hasan sahasasd','dddd','09129090890','2332233223','ddas@adsd.com','$2y$10$pTcybubJUyVEvF6k7zLP7ev/RloMreskWZtST2zb9w9zfGIZkEjVy','','','eepP66kPFmv0P02weeuT1uOpiVkBVVALVQlfNyWPba4QTIRG0oskDjeuCBgT','2016-03-14 18:48:07','2016-03-14 22:18:07','',0,1,0,'2016-03-14 22:18:07','192.168.33.1','2016-03-13 19:30:50','0000-00-00 00:00:00',-4,'',0,0,0,4,0.00,0),(23,0,'ehsan','hasan','ehsan hasan','hasaan','12312312312','1231231231','h@h.com','$2y$10$GzH4LKGiL9RYH04ZyFAaEux4wu7c97fZfoOUmE8/F0ZQFPenPpMhS','','',NULL,'2016-04-03 16:03:06','2016-04-03 20:33:06','',0,1,1,'2016-04-03 20:33:06','192.168.33.1','0000-00-00 00:00:00','0000-00-00 00:00:00',8499.78,'',0,0,1,4,125.00,0),(24,0,'asasdasd','asdas','asasdasd asdas','asdasd','09223498765','1233312345','asasd@asdasd.com','hasani','','',NULL,'2016-03-28 00:46:33','2016-03-28 00:46:33','',0,1,0,'0000-00-00 00:00:00','','0000-00-00 00:00:00','0000-00-00 00:00:00',0,'',0,0,0,0,0.00,0),(25,0,'asasdasd','asdas','asasdasd asdas','asdasddd','09223498725','1232312345','asasd@asdasd.comd','hasani','','',NULL,'2016-03-28 00:47:30','2016-03-28 00:47:30','',0,1,0,'0000-00-00 00:00:00','','0000-00-00 00:00:00','0000-00-00 00:00:00',0,'',0,0,0,0,0.00,0),(26,0,'asasdasd','asdas','asasdasd asdas','asdasddd2','09223492725','1132312345','asasd@asdasd.com2d','hasani','','',NULL,'2016-03-28 00:47:53','2016-03-28 00:47:53','',0,1,0,'0000-00-00 00:00:00','','0000-00-00 00:00:00','0000-00-00 00:00:00',0,'',0,0,0,0,0.00,0),(27,0,'asdasd','asd','asdasd asd','asd222','09223498769','1233512345','sasdasd@ddd.com','hasani','','',NULL,'2016-03-28 01:18:14','2016-03-28 01:18:14','',1,1,0,'0000-00-00 00:00:00','','0000-00-00 00:00:00','0000-00-00 00:00:00',12096,'',0,0,0,0,0.00,0),(28,0,'asdasdasdasd','asd','asdasdasdasd asd','asd2222','09223698769','1233412345','sasdasd@dd2d.com','hasani','','',NULL,'2016-03-28 01:20:03','2016-03-28 01:20:03','',1,1,0,'0000-00-00 00:00:00','','0000-00-00 00:00:00','0000-00-00 00:00:00',12096,'',0,0,0,0,0.00,0),(29,0,'asdasdasdasd','asd','asdasdasdasd asd','asd22221','09223698761','1233412341','sasdasd@dd21d.com','hasani','','',NULL,'2016-03-28 01:20:30','2016-03-28 01:20:30','',0,1,0,'0000-00-00 00:00:00','','0000-00-00 00:00:00','0000-00-00 00:00:00',12096,'',0,0,0,0,0.00,0);
/*!40000 ALTER TABLE `users` ENABLE KEYS */;
UNLOCK TABLES;
/*!40103 SET TIME_ZONE=@OLD_TIME_ZONE */;

/*!40101 SET SQL_MODE=@OLD_SQL_MODE */;
/*!40014 SET FOREIGN_KEY_CHECKS=@OLD_FOREIGN_KEY_CHECKS */;
/*!40014 SET UNIQUE_CHECKS=@OLD_UNIQUE_CHECKS */;
/*!40101 SET CHARACTER_SET_CLIENT=@OLD_CHARACTER_SET_CLIENT */;
/*!40101 SET CHARACTER_SET_RESULTS=@OLD_CHARACTER_SET_RESULTS */;
/*!40101 SET COLLATION_CONNECTION=@OLD_COLLATION_CONNECTION */;
/*!40111 SET SQL_NOTES=@OLD_SQL_NOTES */;

-- Dump completed on 2016-04-03 20:36:36
